{
	"code": 0,
	"color": 14532513,
	"comment_num": 2372,
	"cur_song_num": 21,
	"date": "2018-01-28",
	"day_of_year": "28",
	"song_begin": 0,
	"songlist": [
		{
			"Franking_value": "1",
			"cur_count": "1",
			"data": {
				"albumdesc": "",
				"albumid": 3896063,
				"albummid": "003ScmK81yzHCR",
				"albumname": "歌手第二季 第3期",
				"alertid": 100002,
				"belongCD": 5,
				"cdIdx": 0,
				"interval": 291,
				"isonly": 1,
				"label": "0",
				"msgid": 14,
				"pay": {
					"payalbum": 0,
					"payalbumprice": 0,
					"paydownload": 1,
					"payinfo": 1,
					"payplay": 0,
					"paytrackmouth": 1,
					"paytrackprice": 200,
					"timefree": 0
				},
				"preview": {
					"trybegin": 0,
					"tryend": 0,
					"trysize": 0
				},
				"rate": 31,
				"singer": [
					{
						"id": 224,
						"mid": "002raUWw3PXdkT",
						"name": "张韶涵"
					}
				],
				"size128": 4664214,
				"size320": 11660224,
				"size5_1": 0,
				"sizeape": 27101808,
				"sizeflac": 27276227,
				"sizeogg": 6173175,
				"songid": 212970667,
				"songmid": "004dxAi034jI2D",
				"songname": "全世界失眠 (Live)",
				"songorig": "全世界失眠",
				"songtype": 0,
				"strMediaMid": "004dxAi034jI2D",
				"stream": 3,
				"switch": 17413891,
				"type": 0,
				"vid": ""
			},
			"in_count": "3",
			"mb": "zshmusic",
			"old_count": "1",
			"vid": {
				"Fstatus": null
			}
		}, 
		{
			"Franking_value": "2",
			"cur_count": "2",
			"data": {
				"albumdesc": "",
				"albumid": 3896063,
				"albummid": "003ScmK81yzHCR",
				"albumname": "歌手第二季 第3期",
				"alertid": 100002,
				"belongCD": 1,
				"cdIdx": 0,
				"interval": 294,
				"isonly": 1,
				"label": "0",
				"msgid": 14,
				"pay": {
					"payalbum": 0,
					"payalbumprice": 0,
					"paydownload": 1,
					"payinfo": 1,
					"payplay": 0,
					"paytrackmouth": 1,
					"paytrackprice": 200,
					"timefree": 0
				},
				"preview": {
					"trybegin": 0,
					"tryend": 0,
					"trysize": 0
				},
				"rate": 31,
				"singer": [
					{
						"id": 38,
						"mid": "002seUhN1Akj7J",
						"name": "李圣杰"
					}
				],
				"size128": 4707676,
				"size320": 11768881,
				"size5_1": 0,
				"sizeape": 28178131,
				"sizeflac": 28379099,
				"sizeogg": 6324303,
				"songid": 212970663,
				"songmid": "0012X3Jk3JekUl",
				"songname": "离人 (Live)",
				"songorig": "离人",
				"songtype": 0,
				"strMediaMid": "0012X3Jk3JekUl",
				"stream": 3,
				"switch": 17413891,
				"type": 0,
				"vid": ""
			},
			"in_count": "3",
			"mb": "samleeweibo",
			"old_count": "4",
			"vid": {
				"Fstatus": null
			}
		}, 
		{
			"Franking_value": "3",
			"cur_count": "3",
			"data": {
				"albumdesc": "",
				"albumid": 3896063,
				"albummid": "003ScmK81yzHCR",
				"albumname": "歌手第二季 第3期",
				"alertid": 100002,
				"belongCD": 3,
				"cdIdx": 0,
				"interval": 279,
				"isonly": 1,
				"label": "0",
				"msgid": 14,
				"pay": {
					"payalbum": 0,
					"payalbumprice": 0,
					"paydownload": 1,
					"payinfo": 1,
					"payplay": 0,
					"paytrackmouth": 1,
					"paytrackprice": 200,
					"timefree": 0
				},
				"preview": {
					"trybegin": 0,
					"tryend": 0,
					"trysize": 0
				},
				"rate": 31,
				"singer": [
					{
						"id": 1235352,
						"mid": "000PvQw11mIVEK",
						"name": "苏诗丁"
					}
				],
				"size128": 4468601,
				"size320": 11170730,
				"size5_1": 0,
				"sizeape": 30962752,
				"sizeflac": 31115348,
				"sizeogg": 6023543,
				"songid": 212970661,
				"songmid": "002dtdc04AL9rT",
				"songname": "狼 (Live)",
				"songorig": "狼",
				"songtype": 0,
				"strMediaMid": "002dtdc04AL9rT",
				"stream": 3,
				"switch": 17413891,
				"type": 0,
				"vid": ""
			},
			"in_count": "3",
			"mb": "",
			"old_count": "5",
			"vid": {
				"Fstatus": null
			}
		}, 
		{
			"Franking_value": "2",
			"cur_count": "4",
			"data": {
				"albumdesc": "",
				"albumid": 3896063,
				"albummid": "003ScmK81yzHCR",
				"albumname": "歌手第二季 第3期",
				"alertid": 100002,
				"belongCD": 7,
				"cdIdx": 0,
				"interval": 339,
				"isonly": 1,
				"label": "0",
				"msgid": 14,
				"pay": {
					"payalbum": 0,
					"payalbumprice": 0,
					"paydownload": 1,
					"payinfo": 1,
					"payplay": 0,
					"paytrackmouth": 1,
					"paytrackprice": 200,
					"timefree": 0
				},
				"preview": {
					"trybegin": 0,
					"tryend": 0,
					"trysize": 0
				},
				"rate": 31,
				"singer": [
					{
						"id": 4604,
						"mid": "001adLDR1SS40P",
						"name": "汪峰"
					}
				],
				"size128": 5437851,
				"size320": 13594031,
				"size5_1": 0,
				"sizeape": 39559519,
				"sizeflac": 39789378,
				"sizeogg": 7495014,
				"songid": 212970664,
				"songmid": "003qg32O46NJlj",
				"songname": "下坠 (Live)",
				"songorig": "下坠",
				"songtype": 0,
				"strMediaMid": "003qg32O46NJlj",
				"stream": 3,
				"switch": 17413891,
				"type": 0,
				"vid": ""
			},
			"in_count": "3",
			"mb": "wangfeng06",
			"old_count": "2",
			"vid": {
				"Fstatus": null
			}
		}, 
		{
			"Franking_value": "3",
			"cur_count": "5",
			"data": {
				"albumdesc": "",
				"albumid": 3896063,
				"albummid": "003ScmK81yzHCR",
				"albumname": "歌手第二季 第3期",
				"alertid": 100002,
				"belongCD": 6,
				"cdIdx": 0,
				"interval": 333,
				"isonly": 1,
				"label": "0",
				"msgid": 14,
				"pay": {
					"payalbum": 0,
					"payalbumprice": 0,
					"paydownload": 1,
					"payinfo": 1,
					"payplay": 0,
					"paytrackmouth": 1,
					"paytrackprice": 200,
					"timefree": 0
				},
				"preview": {
					"trybegin": 0,
					"tryend": 0,
					"trysize": 0
				},
				"rate": 31,
				"singer": [
					{
						"id": 24700,
						"mid": "004Mu8QL4FditN",
						"name": "Jessie J"
					}
				],
				"size128": 5341332,
				"size320": 13352983,
				"size5_1": 0,
				"sizeape": 35342278,
				"sizeflac": 35493898,
				"sizeogg": 7278597,
				"songid": 212970666,
				"songmid": "0007DeZH0zg4Op",
				"songname": "Killing Me Softly With His Song (Live)",
				"songorig": "Killing Me Softly With His Song",
				"songtype": 0,
				"strMediaMid": "0007DeZH0zg4Op",
				"stream": 3,
				"switch": 17413891,
				"type": 0,
				"vid": ""
			},
			"in_count": "3",
			"mb": "",
			"old_count": "3",
			"vid": {
				"Fstatus": null
			}
		}, 
		{
			"Franking_value": "1",
			"cur_count": "6",
			"data": {
				"albumdesc": "",
				"albumid": 3885676,
				"albummid": "001Qgi2X1alT0s",
				"albumname": "歌手第二季 第2期",
				"alertid": 100002,
				"belongCD": 4,
				"cdIdx": 0,
				"interval": 321,
				"isonly": 1,
				"label": "0",
				"msgid": 14,
				"pay": {
					"payalbum": 0,
					"payalbumprice": 0,
					"paydownload": 1,
					"payinfo": 1,
					"payplay": 0,
					"paytrackmouth": 1,
					"paytrackprice": 200,
					"timefree": 0
				},
				"preview": {
					"trybegin": 0,
					"tryend": 0,
					"trysize": 0
				},
				"rate": 31,
				"singer": [
					{
						"id": 224,
						"mid": "002raUWw3PXdkT",
						"name": "张韶涵"
					}
				],
				"size128": 5143189,
				"size320": 12857671,
				"size5_1": 0,
				"sizeape": 34294555,
				"sizeflac": 34464106,
				"sizeogg": 6991696,
				"songid": 212892375,
				"songmid": "001KxARP2Ij3hH",
				"songname": "阿刁 (Live)",
				"songorig": "阿刁",
				"songtype": 0,
				"strMediaMid": "001KxARP2Ij3hH",
				"stream": 6,
				"switch": 17413891,
				"type": 0,
				"vid": ""
			},
			"in_count": "10",
			"mb": "zshmusic",
			"old_count": "9",
			"vid": {
				"Fstatus": null
			}
		}, 
		{
			"Franking_value": "6",
			"cur_count": "7",
			"data": {
				"albumdesc": "",
				"albumid": 3896063,
				"albummid": "003ScmK81yzHCR",
				"albumname": "歌手第二季 第3期",
				"alertid": 100002,
				"belongCD": 2,
				"cdIdx": 0,
				"interval": 282,
				"isonly": 1,
				"label": "0",
				"msgid": 14,
				"pay": {
					"payalbum": 0,
					"payalbumprice": 0,
					"paydownload": 1,
					"payinfo": 1,
					"payplay": 0,
					"paytrackmouth": 1,
					"paytrackprice": 200,
					"timefree": 0
				},
				"preview": {
					"trybegin": 0,
					"tryend": 0,
					"trysize": 0
				},
				"rate": 31,
				"singer": [
					{
						"id": 2089875,
						"mid": "003mJYns4PGYJE",
						"name": "张天"
					}
				],
				"size128": 4520018,
				"size320": 11299734,
				"size5_1": 0,
				"sizeape": 29362366,
				"sizeflac": 29480652,
				"sizeogg": 6101025,
				"songid": 212970668,
				"songmid": "002MjXqL1747v9",
				"songname": "Hello (Live)",
				"songorig": "Hello",
				"songtype": 0,
				"strMediaMid": "002MjXqL1747v9",
				"stream": 3,
				"switch": 17413891,
				"type": 0,
				"vid": ""
			},
			"in_count": "3",
			"mb": "",
			"old_count": "6",
			"vid": {
				"Fstatus": null
			}
		}, 
		{
			"Franking_value": "2",
			"cur_count": "8",
			"data": {
				"albumdesc": "",
				"albumid": 3877672,
				"albummid": "003ZOtVw45ry2U",
				"albumname": "歌手第二季 第1期",
				"alertid": 100002,
				"belongCD": 3,
				"cdIdx": 0,
				"interval": 282,
				"isonly": 1,
				"label": "0",
				"msgid": 14,
				"pay": {
					"payalbum": 0,
					"payalbumprice": 0,
					"paydownload": 1,
					"payinfo": 1,
					"payplay": 0,
					"paytrackmouth": 1,
					"paytrackprice": 200,
					"timefree": 0
				},
				"preview": {
					"trybegin": 0,
					"tryend": 0,
					"trysize": 0
				},
				"rate": 31,
				"singer": [
					{
						"id": 224,
						"mid": "002raUWw3PXdkT",
						"name": "张韶涵"
					}
				],
				"size128": 4522940,
				"size320": 11307045,
				"size5_1": 0,
				"sizeape": 29313474,
				"sizeflac": 29424491,
				"sizeogg": 6085790,
				"songid": 212846371,
				"songmid": "002NVxll0Cqvjk",
				"songname": "梦里花 (Live)",
				"songorig": "梦里花",
				"songtype": 0,
				"strMediaMid": "002NVxll0Cqvjk",
				"stream": 2,
				"switch": 17413891,
				"type": 0,
				"vid": ""
			},
			"in_count": "17",
			"mb": "zshmusic",
			"old_count": "10",
			"vid": {
				"Fstatus": null
			}
		}, 
		{
			"Franking_value": "1",
			"cur_count": "9",
			"data": {
				"albumdesc": "",
				"albumid": 3885676,
				"albummid": "001Qgi2X1alT0s",
				"albumname": "歌手第二季 第2期",
				"alertid": 100002,
				"belongCD": 3,
				"cdIdx": 0,
				"interval": 246,
				"isonly": 1,
				"label": "0",
				"msgid": 14,
				"pay": {
					"payalbum": 0,
					"payalbumprice": 0,
					"paydownload": 1,
					"payinfo": 1,
					"payplay": 0,
					"paytrackmouth": 1,
					"paytrackprice": 200,
					"timefree": 0
				},
				"preview": {
					"trybegin": 0,
					"tryend": 0,
					"trysize": 0
				},
				"rate": 31,
				"singer": [
					{
						"id": 4604,
						"mid": "001adLDR1SS40P",
						"name": "汪峰"
					}
				],
				"size128": 3939059,
				"size320": 9847277,
				"size5_1": 0,
				"sizeape": 29555416,
				"sizeflac": 29771510,
				"sizeogg": 5530993,
				"songid": 212892377,
				"songmid": "001QFnm139zKQN",
				"songname": "普通Disco (Live)",
				"songorig": "普通Disco",
				"songtype": 0,
				"strMediaMid": "001QFnm139zKQN",
				"stream": 6,
				"switch": 17413891,
				"type": 0,
				"vid": ""
			},
			"in_count": "10",
			"mb": "wangfeng06",
			"old_count": "11",
			"vid": {
				"Fstatus": null
			}
		}, 
		{
			"Franking_value": "2",
			"cur_count": "10",
			"data": {
				"albumdesc": "",
				"albumid": 3877672,
				"albummid": "003ZOtVw45ry2U",
				"albumname": "歌手第二季 第1期",
				"alertid": 100002,
				"belongCD": 2,
				"cdIdx": 0,
				"interval": 298,
				"isonly": 1,
				"label": "0",
				"msgid": 14,
				"pay": {
					"payalbum": 0,
					"payalbumprice": 0,
					"paydownload": 1,
					"payinfo": 1,
					"payplay": 0,
					"paytrackmouth": 1,
					"paytrackprice": 200,
					"timefree": 0
				},
				"preview": {
					"trybegin": 0,
					"tryend": 0,
					"trysize": 0
				},
				"rate": 31,
				"singer": [
					{
						"id": 271,
						"mid": "000gTJYN30wHBs",
						"name": "李晓东"
					}
				],
				"size128": 4769534,
				"size320": 11923532,
				"size5_1": 0,
				"sizeape": 28818419,
				"sizeflac": 28983348,
				"sizeogg": 6259174,
				"songid": 212846373,
				"songmid": "004SHnM62N6uFP",
				"songname": "后来 (Live)",
				"songorig": "后来",
				"songtype": 0,
				"strMediaMid": "004SHnM62N6uFP",
				"stream": 2,
				"switch": 17413891,
				"type": 0,
				"vid": ""
			},
			"in_count": "17",
			"mb": "",
			"old_count": "13",
			"vid": {
				"Fstatus": null
			}
		}, 
		{
			"Franking_value": "2",
			"cur_count": "11",
			"data": {
				"albumdesc": "",
				"albumid": 3885676,
				"albummid": "001Qgi2X1alT0s",
				"albumname": "歌手第二季 第2期",
				"alertid": 100002,
				"belongCD": 2,
				"cdIdx": 0,
				"interval": 330,
				"isonly": 1,
				"label": "0",
				"msgid": 14,
				"pay": {
					"payalbum": 0,
					"payalbumprice": 0,
					"paydownload": 1,
					"payinfo": 1,
					"payplay": 0,
					"paytrackmouth": 1,
					"paytrackprice": 200,
					"timefree": 0
				},
				"preview": {
					"trybegin": 0,
					"tryend": 0,
					"trysize": 0
				},
				"rate": 31,
				"singer": [
					{
						"id": 271,
						"mid": "000gTJYN30wHBs",
						"name": "李晓东"
					}
				],
				"size128": 5283624,
				"size320": 13208757,
				"size5_1": 0,
				"sizeape": 33589295,
				"sizeflac": 33873139,
				"sizeogg": 6939829,
				"songid": 212892374,
				"songmid": "00007JB61CFrcD",
				"songname": "消愁 (Live)",
				"songorig": "消愁",
				"songtype": 0,
				"strMediaMid": "00007JB61CFrcD",
				"stream": 6,
				"switch": 17413891,
				"type": 0,
				"vid": ""
			},
			"in_count": "10",
			"mb": "",
			"old_count": "12",
			"vid": {
				"Fstatus": null
			}
		}, 
		{
			"Franking_value": "7",
			"cur_count": "12",
			"data": {
				"albumdesc": "",
				"albumid": 3896063,
				"albummid": "003ScmK81yzHCR",
				"albumname": "歌手第二季 第3期",
				"alertid": 100002,
				"belongCD": 8,
				"cdIdx": 0,
				"interval": 275,
				"isonly": 1,
				"label": "0",
				"msgid": 14,
				"pay": {
					"payalbum": 0,
					"payalbumprice": 0,
					"paydownload": 1,
					"payinfo": 1,
					"payplay": 0,
					"paytrackmouth": 1,
					"paytrackprice": 200,
					"timefree": 0
				},
				"preview": {
					"trybegin": 0,
					"tryend": 0,
					"trysize": 0
				},
				"rate": 31,
				"singer": [
					{
						"id": 4734,
						"mid": "001xY0Nb0ZgaBz",
						"name": "李泉"
					}
				],
				"size128": 4403830,
				"size320": 11009257,
				"size5_1": 0,
				"sizeape": 21850342,
				"sizeflac": 21881306,
				"sizeogg": 5606682,
				"songid": 212970665,
				"songmid": "002SGM7J0bziEG",
				"songname": "我要我们在一起 (Live)",
				"songorig": "我要我们在一起",
				"songtype": 0,
				"strMediaMid": "002SGM7J0bziEG",
				"stream": 3,
				"switch": 17413891,
				"type": 0,
				"vid": ""
			},
			"in_count": "3",
			"mb": "liquan",
			"old_count": "7",
			"vid": {
				"Fstatus": null
			}
		}, 
		{
			"Franking_value": "8",
			"cur_count": "13",
			"data": {
				"albumdesc": "",
				"albumid": 3896063,
				"albummid": "003ScmK81yzHCR",
				"albumname": "歌手第二季 第3期",
				"alertid": 100002,
				"belongCD": 4,
				"cdIdx": 0,
				"interval": 301,
				"isonly": 1,
				"label": "0",
				"msgid": 14,
				"pay": {
					"payalbum": 0,
					"payalbumprice": 0,
					"paydownload": 1,
					"payinfo": 1,
					"payplay": 0,
					"paytrackmouth": 1,
					"paytrackprice": 200,
					"timefree": 0
				},
				"preview": {
					"trybegin": 0,
					"tryend": 0,
					"trysize": 0
				},
				"rate": 31,
				"singer": [
					{
						"id": 271,
						"mid": "000gTJYN30wHBs",
						"name": "李晓东"
					}
				],
				"size128": 4829724,
				"size320": 12074002,
				"size5_1": 0,
				"sizeape": 34692201,
				"sizeflac": 34904326,
				"sizeogg": 6840188,
				"songid": 212970662,
				"songmid": "004BIV4j0n91pj",
				"songname": "心的祈祷 (Live)",
				"songorig": "心的祈祷",
				"songtype": 0,
				"strMediaMid": "004BIV4j0n91pj",
				"stream": 3,
				"switch": 17413891,
				"type": 0,
				"vid": ""
			},
			"in_count": "3",
			"mb": "",
			"old_count": "8",
			"vid": {
				"Fstatus": null
			}
		}, 
		{
			"Franking_value": "4",
			"cur_count": "14",
			"data": {
				"albumdesc": "",
				"albumid": 3885676,
				"albummid": "001Qgi2X1alT0s",
				"albumname": "歌手第二季 第2期",
				"alertid": 100002,
				"belongCD": 6,
				"cdIdx": 0,
				"interval": 324,
				"isonly": 1,
				"label": "0",
				"msgid": 14,
				"pay": {
					"payalbum": 0,
					"payalbumprice": 0,
					"paydownload": 1,
					"payinfo": 1,
					"payplay": 0,
					"paytrackmouth": 1,
					"paytrackprice": 200,
					"timefree": 0
				},
				"preview": {
					"trybegin": 0,
					"tryend": 0,
					"trysize": 0
				},
				"rate": 31,
				"singer": [
					{
						"id": 24700,
						"mid": "004Mu8QL4FditN",
						"name": "Jessie J"
					}
				],
				"size128": 5188353,
				"size320": 12970171,
				"size5_1": 0,
				"sizeape": 35210495,
				"sizeflac": 35298789,
				"sizeogg": 7096116,
				"songid": 212892372,
				"songmid": "000hfF3e3OlHbj",
				"songname": "I Have Nothing (Live)",
				"songorig": "I Have Nothing",
				"songtype": 0,
				"strMediaMid": "000hfF3e3OlHbj",
				"stream": 6,
				"switch": 17413891,
				"type": 0,
				"vid": ""
			},
			"in_count": "10",
			"mb": "",
			"old_count": "16",
			"vid": {
				"Fstatus": null
			}
		}, 
		{
			"Franking_value": "3",
			"cur_count": "15",
			"data": {
				"albumdesc": "",
				"albumid": 3877672,
				"albummid": "003ZOtVw45ry2U",
				"albumname": "歌手第二季 第1期",
				"alertid": 100002,
				"belongCD": 6,
				"cdIdx": 0,
				"interval": 298,
				"isonly": 1,
				"label": "0",
				"msgid": 14,
				"pay": {
					"payalbum": 0,
					"payalbumprice": 0,
					"paydownload": 1,
					"payinfo": 1,
					"payplay": 0,
					"paytrackmouth": 1,
					"paytrackprice": 200,
					"timefree": 0
				},
				"preview": {
					"trybegin": 0,
					"tryend": 0,
					"trysize": 0
				},
				"rate": 31,
				"singer": [
					{
						"id": 24700,
						"mid": "004Mu8QL4FditN",
						"name": "Jessie J"
					}
				],
				"size128": 4772050,
				"size320": 11929810,
				"size5_1": 0,
				"sizeape": 36321235,
				"sizeflac": 36446541,
				"sizeogg": 6760844,
				"songid": 212846376,
				"songmid": "003QD92Z0C0gx5",
				"songname": "Domino (Live)",
				"songorig": "Domino",
				"songtype": 0,
				"strMediaMid": "003QD92Z0C0gx5",
				"stream": 2,
				"switch": 17413891,
				"type": 0,
				"vid": ""
			},
			"in_count": "17",
			"mb": "",
			"old_count": "14",
			"vid": {
				"Fstatus": null
			}
		}, {
			"Franking_value": "5",
			"cur_count": "16",
			"data": {
				"albumdesc": "",
				"albumid": 3885676,
				"albummid": "001Qgi2X1alT0s",
				"albumname": "歌手第二季 第2期",
				"alertid": 100002,
				"belongCD": 1,
				"cdIdx": 0,
				"interval": 312,
				"isonly": 1,
				"label": "0",
				"msgid": 14,
				"pay": {
					"payalbum": 0,
					"payalbumprice": 0,
					"paydownload": 1,
					"payinfo": 1,
					"payplay": 0,
					"paytrackmouth": 1,
					"paytrackprice": 200,
					"timefree": 0
				},
				"preview": {
					"trybegin": 0,
					"tryend": 0,
					"trysize": 0
				},
				"rate": 31,
				"singer": [
					{
						"id": 38,
						"mid": "002seUhN1Akj7J",
						"name": "李圣杰"
					}
				],
				"size128": 5002341,
				"size320": 12505544,
				"size5_1": 0,
				"sizeape": 30651393,
				"sizeflac": 30844876,
				"sizeogg": 6682188,
				"songid": 212892373,
				"songmid": "000MfgB54Z73rs",
				"songname": "痴心绝对 (Live)",
				"songorig": "痴心绝对",
				"songtype": 0,
				"strMediaMid": "000MfgB54Z73rs",
				"stream": 6,
				"switch": 17413891,
				"type": 0,
				"vid": ""
			},
			"in_count": "10",
			"mb": "samleeweibo",
			"old_count": "15",
			"vid": {
				"Fstatus": null
			}
		}, {
			"Franking_value": "4",
			"cur_count": "17",
			"data": {
				"albumdesc": "",
				"albumid": 3885676,
				"albummid": "001Qgi2X1alT0s",
				"albumname": "歌手第二季 第2期",
				"alertid": 100002,
				"belongCD": 5,
				"cdIdx": 0,
				"interval": 235,
				"isonly": 1,
				"label": "0",
				"msgid": 14,
				"pay": {
					"payalbum": 0,
					"payalbumprice": 0,
					"paydownload": 1,
					"payinfo": 1,
					"payplay": 0,
					"paytrackmouth": 1,
					"paytrackprice": 200,
					"timefree": 0
				},
				"preview": {
					"trybegin": 0,
					"tryend": 0,
					"trysize": 0
				},
				"rate": 31,
				"singer": [
					{
						"id": 2089875,
						"mid": "003mJYns4PGYJE",
						"name": "张天"
					}
				],
				"size128": 3773971,
				"size320": 9434601,
				"size5_1": 0,
				"sizeape": 26914463,
				"sizeflac": 27121289,
				"sizeogg": 5157752,
				"songid": 212892371,
				"songmid": "002yejP81nFKPX",
				"songname": "Shape of You (Live)",
				"songorig": "Shape of You",
				"songtype": 0,
				"strMediaMid": "002yejP81nFKPX",
				"stream": 6,
				"switch": 17413891,
				"type": 0,
				"vid": ""
			},
			"in_count": "10",
			"mb": "",
			"old_count": "18",
			"vid": {
				"Fstatus": null
			}
		}, {
			"Franking_value": "6",
			"cur_count": "18",
			"data": {
				"albumdesc": "",
				"albumid": 3885676,
				"albummid": "001Qgi2X1alT0s",
				"albumname": "歌手第二季 第2期",
				"alertid": 100002,
				"belongCD": 7,
				"cdIdx": 0,
				"interval": 256,
				"isonly": 1,
				"label": "0",
				"msgid": 14,
				"pay": {
					"payalbum": 0,
					"payalbumprice": 0,
					"paydownload": 1,
					"payinfo": 1,
					"payplay": 0,
					"paytrackmouth": 1,
					"paytrackprice": 200,
					"timefree": 0
				},
				"preview": {
					"trybegin": 0,
					"tryend": 0,
					"trysize": 0
				},
				"rate": 31,
				"singer": [
					{
						"id": 1235352,
						"mid": "000PvQw11mIVEK",
						"name": "苏诗丁"
					}
				],
				"size128": 4110000,
				"size320": 10274154,
				"size5_1": 0,
				"sizeape": 27366344,
				"sizeflac": 27425952,
				"sizeogg": 5430569,
				"songid": 212892376,
				"songmid": "000QBo243fo8ze",
				"songname": "再见萤火虫 (Live)",
				"songorig": "再见萤火虫",
				"songtype": 0,
				"strMediaMid": "000QBo243fo8ze",
				"stream": 6,
				"switch": 17413891,
				"type": 0,
				"vid": ""
			},
			"in_count": "10",
			"mb": "",
			"old_count": "17",
			"vid": {
				"Fstatus": null
			}
		}, {
			"Franking_value": "4",
			"cur_count": "19",
			"data": {
				"albumdesc": "",
				"albumid": 3877672,
				"albummid": "003ZOtVw45ry2U",
				"albumname": "歌手第二季 第1期",
				"alertid": 100002,
				"belongCD": 7,
				"cdIdx": 0,
				"interval": 304,
				"isonly": 1,
				"label": "0",
				"msgid": 14,
				"pay": {
					"payalbum": 0,
					"payalbumprice": 0,
					"paydownload": 1,
					"payinfo": 1,
					"payplay": 0,
					"paytrackmouth": 1,
					"paytrackprice": 200,
					"timefree": 0
				},
				"preview": {
					"trybegin": 0,
					"tryend": 0,
					"trysize": 0
				},
				"rate": 31,
				"singer": [
					{
						"id": 4604,
						"mid": "001adLDR1SS40P",
						"name": "汪峰"
					}
				],
				"size128": 4879461,
				"size320": 12198344,
				"size5_1": 0,
				"sizeape": 29050953,
				"sizeflac": 29132515,
				"sizeogg": 6296086,
				"songid": 212846377,
				"songmid": "003tefnw2xS3QA",
				"songname": "无处安放 (Live)",
				"songorig": "无处安放",
				"songtype": 0,
				"strMediaMid": "003tefnw2xS3QA",
				"stream": 2,
				"switch": 17413891,
				"type": 0,
				"vid": ""
			},
			"in_count": "17",
			"mb": "wangfeng06",
			"old_count": "19",
			"vid": {
				"Fstatus": null
			}
		}, {
			"Franking_value": "5",
			"cur_count": "20",
			"data": {
				"albumdesc": "",
				"albumid": 3877672,
				"albummid": "003ZOtVw45ry2U",
				"albumname": "歌手第二季 第1期",
				"alertid": 100002,
				"belongCD": 1,
				"cdIdx": 0,
				"interval": 323,
				"isonly": 1,
				"label": "0",
				"msgid": 14,
				"pay": {
					"payalbum": 0,
					"payalbumprice": 0,
					"paydownload": 1,
					"payinfo": 1,
					"payplay": 0,
					"paytrackmouth": 1,
					"paytrackprice": 200,
					"timefree": 0
				},
				"preview": {
					"trybegin": 0,
					"tryend": 0,
					"trysize": 0
				},
				"rate": 31,
				"singer": [
					{
						"id": 38,
						"mid": "002seUhN1Akj7J",
						"name": "李圣杰"
					}
				],
				"size128": 5181656,
				"size320": 12953816,
				"size5_1": 0,
				"sizeape": 39065914,
				"sizeflac": 39120151,
				"sizeogg": 7239280,
				"songid": 212846375,
				"songmid": "000sw4Dk3mX9o0",
				"songname": "You And I (Live)",
				"songorig": "You And I",
				"songtype": 0,
				"strMediaMid": "000sw4Dk3mX9o0",
				"stream": 2,
				"switch": 17413891,
				"type": 0,
				"vid": ""
			},
			"in_count": "17",
			"mb": "samleeweibo",
			"old_count": "20",
			"vid": {
				"Fstatus": null
			}
		}, {
			"Franking_value": "6",
			"cur_count": "21",
			"data": {
				"albumdesc": "",
				"albumid": 3877672,
				"albummid": "003ZOtVw45ry2U",
				"albumname": "歌手第二季 第1期",
				"alertid": 100002,
				"belongCD": 4,
				"cdIdx": 0,
				"interval": 278,
				"isonly": 1,
				"label": "0",
				"msgid": 14,
				"pay": {
					"payalbum": 0,
					"payalbumprice": 0,
					"paydownload": 1,
					"payinfo": 1,
					"payplay": 0,
					"paytrackmouth": 1,
					"paytrackprice": 200,
					"timefree": 0
				},
				"preview": {
					"trybegin": 0,
					"tryend": 0,
					"trysize": 0
				},
				"rate": 31,
				"singer": [
					{
						"id": 2089875,
						"mid": "003mJYns4PGYJE",
						"name": "张天"
					}
				],
				"size128": 4452735,
				"size320": 11131514,
				"size5_1": 0,
				"sizeape": 33015514,
				"sizeflac": 33123984,
				"sizeogg": 6275630,
				"songid": 212846374,
				"songmid": "004Iqd5s2xJk2p",
				"songname": "Queen Bee (Live)",
				"songorig": "Queen Bee",
				"songtype": 0,
				"strMediaMid": "004Iqd5s2xJk2p",
				"stream": 2,
				"switch": 17413891,
				"type": 0,
				"vid": ""
			},
			"in_count": "17",
			"mb": "",
			"old_count": "21",
			"vid": {
				"Fstatus": null
			}
		}
	],
	"topinfo": {
		"ListName": "全军出击·巅峰榜·歌手2018",
		"MacDetailPicUrl": "http://y.gtimg.cn/music/common//upload/t_order_channel_hitlist_conf/234556.jpg",
		"MacListPicUrl": "http://y.gtimg.cn/music/common//upload/t_order_channel_hitlist_conf/234557.jpg",
		"UpdateType": "1",
		"albuminfo": "",
		"headPic_v12": "http://y.gtimg.cn/music/common//upload/t_order_channel_hitlist_conf/234559.jpg",
		"info": "全军出击·巅峰榜·歌手2018根据用户收听行为自动生成，集结当下最热《歌手2018》金曲！<br>更新时间：每天上午10：30<br>统计对象：QQ音乐库内《歌手2018》全部歌曲<br>统计算法：根据歌曲在每日的有效播放次数，由高到低排名（同一歌手最多允许5首歌曲同时上榜）有效播放次数：登录用户完整播放一首歌曲，记为一次有效播放；同一用户收听同一首歌曲，每天记录为1次有效播放。",
		"listennum": 9200000,
		"pic": "http://y.gtimg.cn/music/common//upload/t_order_channel_hitlist_conf/234556.jpg",
		"picDetail": "http://y.gtimg.cn/music/common//upload/t_order_channel_hitlist_conf/234555.jpg",
		"pic_album": "http://imgcache.qq.com/music/photo_new/T002R300x300M000003ScmK81yzHCR.jpg",
		"pic_h5": "http://y.gtimg.cn/music/common//upload/t_order_channel_hitlist_conf/234547.jpg",
		"pic_v11": "http://y.gtimg.cn/music/common//upload/t_order_channel_hitlist_conf/234556.jpg",
		"pic_v12": "http://y.gtimg.cn/music/common/upload/iphone_order_channel/toplist_33_300_212970667.jpg",
		"topID": "33",
		"type": "0"
	},
	"total_song_num": 21,
	"update_time": "2018-01-28"
}
