{
	"code": 0,
	"data": {
		"keyword": "周杰伦 ",
		"priority": 0,
		"qc": [],
		"semantic": {
			"curnum": 0,
			"curpage": 1,
			"list": [],
			"totalnum": 0
		},
		"song": {
			"curnum": 20,
			"curpage": 1,
			"list": [
				{
					"albumid": 3883404,
					"albummid": "003bSL0v4bpKAx",
					"albumname": "等你下课",
					"albumname_hilight": "等你下课",
					"alertid": 100002,
					"chinesesinger": 0,
					"docid": "11127252070543836748",
					"grp": [],
					"interval": 270,
					"isonly": 1,
					"lyric": "",
					"lyric_hilight": "",
					"msgid": 14,
					"nt": 191913608,
					"pay": {
						"payalbum": 0,
						"payalbumprice": 0,
						"paydownload": 1,
						"payinfo": 1,
						"payplay": 0,
						"paytrackmouth": 1,
						"paytrackprice": 200
					},
					"preview": {
						"trybegin": 66749,
						"tryend": 121677,
						"trysize": 879803
					},
					"pubtime": 1516204800,
					"pure": 0,
					"singer": [
						{
							"id": 4558,
							"mid": "0025NhlN2yWrP4",
							"name": "周杰伦",
							"name_hilight": "<span class=\"c_tx_highlight\">周杰伦</span>"
						}
					],
					"size128": 4321060,
					"size320": 10802353,
					"sizeape": 31780875,
					"sizeflac": 31922907,
					"sizeogg": 6045129,
					"songid": 212877900,
					"songmid": "001J5QJL1pRQYB",
					"songname": "等你下课(with 杨瑞代)",
					"songname_hilight": "等你下课(with 杨瑞代)",
					"stream": 4,
					"switch": 636675,
					"t": 1,
					"tag": 10,
					"type": 0,
					"ver": 0,
					"vid": ""
				}, {
					"albumid": 1366240,
					"albummid": "004c8Md02WHHju",
					"albumname": "周杰伦魔天伦世界巡回演唱会",
					"albumname_hilight": "<span class=\"c_tx_highlight\">周杰伦</span>魔天伦世界巡回演唱会",
					"alertid": 100002,
					"chinesesinger": 0,
					"docid": "1732327510553971477",
					"grp": [],
					"interval": 244,
					"isonly": 1,
					"lyric": "",
					"lyric_hilight": "",
					"msgid": 14,
					"nt": 1248851160,
					"pay": {
						"payalbum": 0,
						"payalbumprice": 0,
						"paydownload": 1,
						"payinfo": 1,
						"payplay": 0,
						"paytrackmouth": 1,
						"paytrackprice": 200
					},
					"preview": {
						"trybegin": 66177,
						"tryend": 94015,
						"trysize": 446379
					},
					"pubtime": 1462809600,
					"pure": 0,
					"singer": [
						{
							"id": 4558,
							"mid": "0025NhlN2yWrP4",
							"name": "周杰伦",
							"name_hilight": "<span class=\"c_tx_highlight\">周杰伦</span>"
						}
					],
					"size128": 3913147,
					"size320": 9782548,
					"sizeape": 31455147,
					"sizeflac": 31596209,
					"sizeogg": 5733750,
					"songid": 106291303,
					"songmid": "003cFCP23gMCaE",
					"songname": "龙卷风 (Live)",
					"songname_hilight": "龙卷风 (Live)",
					"stream": 10,
					"switch": 636675,
					"t": 1,
					"tag": 10,
					"type": 0,
					"ver": 0,
					"vid": ""
				}, {
					"albumid": 1458791,
					"albummid": "003RMaRI1iFoYd",
					"albumname": "周杰伦的床边故事",
					"albumname_hilight": "<span class=\"c_tx_highlight\">周杰伦</span>的床边故事",
					"alertid": 100002,
					"chinesesinger": 0,
					"docid": "7065911643897223382",
					"grp": [],
					"interval": 215,
					"isonly": 0,
					"lyric": "",
					"lyric_hilight": "",
					"msgid": 14,
					"nt": 1967005487,
					"pay": {
						"payalbum": 1,
						"payalbumprice": 2000,
						"paydownload": 1,
						"payinfo": 1,
						"payplay": 0,
						"paytrackmouth": 1,
						"paytrackprice": 200
					},
					"preview": {
						"trybegin": 65138,
						"tryend": 85421,
						"trysize": 325589
					},
					"pubtime": 1466697600,
					"pure": 0,
					"singer": [
						{
							"id": 4558,
							"mid": "0025NhlN2yWrP4",
							"name": "周杰伦",
							"name_hilight": "<span class=\"c_tx_highlight\">周杰伦</span>"
						}
					],
					"size128": 3443771,
					"size320": 8608939,
					"sizeape": 24929083,
					"sizeflac": 24971563,
					"sizeogg": 5001304,
					"songid": 107192078,
					"songmid": "003OUlho2HcRHC",
					"songname": "告白气球",
					"songname_hilight": "告白气球",
					"stream": 1,
					"switch": 636675,
					"t": 1,
					"tag": 11,
					"type": 0,
					"ver": 0,
					"vid": ""
				}, {
					"albumid": 852856,
					"albummid": "001uqejs3d6EID",
					"albumname": "哎呦，不错哦",
					"albumname_hilight": "哎呦，不错哦",
					"alertid": 2,
					"chinesesinger": 0,
					"docid": "8758666917101856462",
					"grp": [],
					"interval": 289,
					"isonly": 1,
					"lyric": "",
					"lyric_hilight": "",
					"msgid": 14,
					"nt": 709460856,
					"pay": {
						"payalbum": 1,
						"payalbumprice": 2000,
						"paydownload": 1,
						"payinfo": 1,
						"payplay": 0,
						"paytrackmouth": 1,
						"paytrackprice": 200
					},
					"preview": {
						"trybegin": 89941,
						"tryend": 125441,
						"trysize": 568841
					},
					"pubtime": 1419523200,
					"pure": 0,
					"singer": [
						{
							"id": 4558,
							"mid": "0025NhlN2yWrP4",
							"name": "周杰伦",
							"name_hilight": "<span class=\"c_tx_highlight\">周杰伦</span>"
						}
					],
					"size128": 4632445,
					"size320": 11580808,
					"sizeape": 31933476,
					"sizeflac": 32002118,
					"sizeogg": 6708265,
					"songid": 101369814,
					"songmid": "001Js78a40BZU6",
					"songname": "算什么男人",
					"songname_hilight": "算什么男人",
					"stream": 6,
					"switch": 636675,
					"t": 1,
					"tag": 0,
					"type": 0,
					"ver": 0,
					"vid": ""
				}, {
					"albumid": 8217,
					"albummid": "000I5jJB3blWeN",
					"albumname": "范特西",
					"albumname_hilight": "范特西",
					"alertid": 2,
					"chinesesinger": 0,
					"docid": "8422197638032623119",
					"grp": [],
					"interval": 334,
					"isonly": 1,
					"lyric": "",
					"lyric_hilight": "",
					"msgid": 14,
					"nt": 451381218,
					"pay": {
						"payalbum": 0,
						"payalbumprice": 0,
						"paydownload": 1,
						"payinfo": 1,
						"payplay": 0,
						"paytrackmouth": 1,
						"paytrackprice": 200
					},
					"preview": {
						"trybegin": 81491,
						"tryend": 134880,
						"trysize": 855143
					},
					"pubtime": 1000915200,
					"pure": 0,
					"singer": [
						{
							"id": 4558,
							"mid": "0025NhlN2yWrP4",
							"name": "周杰伦",
							"name_hilight": "<span class=\"c_tx_highlight\">周杰伦</span>"
						}
					],
					"size128": 5350678,
					"size320": 13373120,
					"sizeape": 32626475,
					"sizeflac": 33348655,
					"sizeogg": 6756985,
					"songid": 97743,
					"songmid": "000amRvH3wxv56",
					"songname": "安静",
					"songname_hilight": "安静",
					"stream": 10,
					"switch": 636675,
					"t": 1,
					"tag": 0,
					"type": 0,
					"ver": 0,
					"vid": ""
				}, {
					"albumid": 852856,
					"albummid": "001uqejs3d6EID",
					"albumname": "哎呦，不错哦",
					"albumname_hilight": "哎呦，不错哦",
					"alertid": 2,
					"chinesesinger": 0,
					"docid": "12455748783386394049",
					"grp": [],
					"interval": 297,
					"isonly": 1,
					"lyric": "优酸乳为爱告白广告曲",
					"lyric_hilight": "优酸乳为爱告白广告曲",
					"msgid": 14,
					"nt": 3188547850,
					"pay": {
						"payalbum": 1,
						"payalbumprice": 2000,
						"paydownload": 1,
						"payinfo": 1,
						"payplay": 0,
						"paytrackmouth": 1,
						"paytrackprice": 200
					},
					"preview": {
						"trybegin": 74336,
						"tryend": 116183,
						"trysize": 670405
					},
					"pubtime": 1419523200,
					"pure": 0,
					"singer": [
						{
							"id": 4558,
							"mid": "0025NhlN2yWrP4",
							"name": "周杰伦",
							"name_hilight": "<span class=\"c_tx_highlight\">周杰伦</span>"
						}
					],
					"size128": 4760759,
					"size320": 11901591,
					"sizeape": 31919200,
					"sizeflac": 32299126,
					"sizeogg": 6686621,
					"songid": 101787870,
					"songmid": "002u8ZOM4C7QF4",
					"songname": "手写的从前",
					"songname_hilight": "手写的从前",
					"stream": 6,
					"switch": 636675,
					"t": 1,
					"tag": 0,
					"type": 0,
					"ver": 0,
					"vid": ""
				}, {
					"albumid": 8221,
					"albummid": "001BGzMs369FzU",
					"albumname": "寻找周杰伦",
					"albumname_hilight": "寻找<span class=\"c_tx_highlight\">周杰伦</span>",
					"alertid": 2,
					"chinesesinger": 0,
					"docid": "2690403057583679707",
					"grp": [],
					"interval": 297,
					"isonly": 1,
					"lyric": "《寻找周杰伦》电影插曲",
					"lyric_hilight": "《寻找<span class=\"c_tx_highlight\">周杰伦</span>》电影插曲",
					"msgid": 14,
					"nt": 19122626,
					"pay": {
						"payalbum": 0,
						"payalbumprice": 0,
						"paydownload": 1,
						"payinfo": 1,
						"payplay": 0,
						"paytrackmouth": 1,
						"paytrackprice": 200
					},
					"preview": {
						"trybegin": 18620,
						"tryend": 40079,
						"trysize": 344397
					},
					"pubtime": 1067616000,
					"pure": 0,
					"singer": [
						{
							"id": 4558,
							"mid": "0025NhlN2yWrP4",
							"name": "周杰伦",
							"name_hilight": "<span class=\"c_tx_highlight\">周杰伦</span>"
						}
					],
					"size128": 4763445,
					"size320": 11895634,
					"sizeape": 31653329,
					"sizeflac": 33029764,
					"sizeogg": 6553270,
					"songid": 97782,
					"songmid": "003ZdxP61ClQZ5",
					"songname": "断了的弦",
					"songname_hilight": "断了的弦",
					"stream": 9,
					"switch": 636675,
					"t": 1,
					"tag": 0,
					"type": 0,
					"ver": 0,
					"vid": ""
				}, {
					"albumid": 8219,
					"albummid": "004MGitN0zEHpb",
					"albumname": "八度空间",
					"albumname_hilight": "八度空间",
					"alertid": 2,
					"chinesesinger": 0,
					"docid": "14277460620523614365",
					"grp": [],
					"interval": 317,
					"isonly": 1,
					"lyric": "",
					"lyric_hilight": "",
					"msgid": 14,
					"nt": 3190892729,
					"pay": {
						"payalbum": 0,
						"payalbumprice": 0,
						"paydownload": 1,
						"payinfo": 1,
						"payplay": 0,
						"paytrackmouth": 1,
						"paytrackprice": 200
					},
					"preview": {
						"trybegin": 75114,
						"tryend": 136944,
						"trysize": 990144
					},
					"pubtime": 1026921600,
					"pure": 0,
					"singer": [
						{
							"id": 4558,
							"mid": "0025NhlN2yWrP4",
							"name": "周杰伦",
							"name_hilight": "<span class=\"c_tx_highlight\">周杰伦</span>"
						}
					],
					"size128": 5080676,
					"size320": 12699161,
					"sizeape": 35146488,
					"sizeflac": 36881132,
					"sizeogg": 7508565,
					"songid": 97761,
					"songmid": "002OKIox28ad9a",
					"songname": "半岛铁盒",
					"songname_hilight": "半岛铁盒",
					"stream": 8,
					"switch": 636675,
					"t": 1,
					"tag": 0,
					"type": 0,
					"ver": 0,
					"vid": ""
				}, {
					"albumid": 8221,
					"albummid": "001BGzMs369FzU",
					"albumname": "寻找周杰伦",
					"albumname_hilight": "寻找<span class=\"c_tx_highlight\">周杰伦</span>",
					"alertid": 2,
					"chinesesinger": 0,
					"docid": "17253192734485115546",
					"grp": [],
					"interval": 326,
					"isonly": 1,
					"lyric": "《寻找周杰伦》电影主题曲",
					"lyric_hilight": "《寻找<span class=\"c_tx_highlight\">周杰伦</span>》电影主题曲",
					"msgid": 14,
					"nt": 3252042428,
					"pay": {
						"payalbum": 0,
						"payalbumprice": 0,
						"paydownload": 1,
						"payinfo": 1,
						"payplay": 0,
						"paytrackmouth": 1,
						"paytrackprice": 200
					},
					"preview": {
						"trybegin": 95744,
						"tryend": 146424,
						"trysize": 812093
					},
					"pubtime": 1067616000,
					"pure": 0,
					"singer": [
						{
							"id": 4558,
							"mid": "0025NhlN2yWrP4",
							"name": "周杰伦",
							"name_hilight": "<span class=\"c_tx_highlight\">周杰伦</span>"
						}
					],
					"size128": 5232396,
					"size320": 13077414,
					"sizeape": 36433927,
					"sizeflac": 38013540,
					"sizeogg": 7355985,
					"songid": 97784,
					"songmid": "0036g6g628i2gI",
					"songname": "轨迹",
					"songname_hilight": "轨迹",
					"stream": 1,
					"switch": 636675,
					"t": 1,
					"tag": 0,
					"type": 0,
					"ver": 0,
					"vid": ""
				}, {
					"albumid": 1458791,
					"albummid": "003RMaRI1iFoYd",
					"albumname": "周杰伦的床边故事",
					"albumname_hilight": "<span class=\"c_tx_highlight\">周杰伦</span>的床边故事",
					"alertid": 100002,
					"chinesesinger": 0,
					"docid": "11724138573776960395",
					"grp": [],
					"interval": 290,
					"isonly": 0,
					"lyric": "《幻城》电视剧片头曲|《幻城凡世》网络剧片尾曲",
					"lyric_hilight": "《幻城》电视剧片头曲|《幻城凡世》网络剧片尾曲",
					"msgid": 14,
					"nt": 2185712570,
					"pay": {
						"payalbum": 1,
						"payalbumprice": 2000,
						"paydownload": 1,
						"payinfo": 1,
						"payplay": 0,
						"paytrackmouth": 1,
						"paytrackprice": 200
					},
					"preview": {
						"trybegin": 100712,
						"tryend": 154691,
						"trysize": 864756
					},
					"pubtime": 1466697600,
					"pure": 0,
					"singer": [
						{
							"id": 4558,
							"mid": "0025NhlN2yWrP4",
							"name": "周杰伦",
							"name_hilight": "<span class=\"c_tx_highlight\">周杰伦</span>"
						}
					],
					"size128": 4643334,
					"size320": 11607578,
					"sizeape": 32586457,
					"sizeflac": 32743041,
					"sizeogg": 6430274,
					"songid": 107192076,
					"songmid": "000sxzol11raSd",
					"songname": "不该 (with aMEI)",
					"songname_hilight": "不该 (with aMEI)",
					"stream": 1,
					"switch": 636675,
					"t": 1,
					"tag": 0,
					"type": 0,
					"ver": 0,
					"vid": ""
				}, {
					"albumid": 8220,
					"albummid": "000MkMni19ClKG",
					"albumname": "叶惠美",
					"albumname_hilight": "叶惠美",
					"alertid": 2,
					"chinesesinger": 0,
					"docid": "6134062807768774859",
					"grp": [],
					"interval": 315,
					"isonly": 1,
					"lyric": "",
					"lyric_hilight": "",
					"msgid": 14,
					"nt": 1084869778,
					"pay": {
						"payalbum": 0,
						"payalbumprice": 0,
						"paydownload": 1,
						"payinfo": 1,
						"payplay": 0,
						"paytrackmouth": 1,
						"paytrackprice": 200
					},
					"preview": {
						"trybegin": 70049,
						"tryend": 123130,
						"trysize": 850546
					},
					"pubtime": 1059580800,
					"pure": 0,
					"singer": [
						{
							"id": 4558,
							"mid": "0025NhlN2yWrP4",
							"name": "周杰伦",
							"name_hilight": "<span class=\"c_tx_highlight\">周杰伦</span>"
						}
					],
					"size128": 5050583,
					"size320": 12619748,
					"sizeape": 33291694,
					"sizeflac": 34906087,
					"sizeogg": 7212982,
					"songid": 97775,
					"songmid": "003uEbEr0jcW7c",
					"songname": "东风破",
					"songname_hilight": "东风破",
					"stream": 1,
					"switch": 636675,
					"t": 1,
					"tag": 0,
					"type": 0,
					"ver": 0,
					"vid": ""
				}, {
					"albumid": 852856,
					"albummid": "001uqejs3d6EID",
					"albumname": "哎呦，不错哦",
					"albumname_hilight": "哎呦，不错哦",
					"alertid": 2,
					"chinesesinger": 0,
					"docid": "329707324998876852",
					"grp": [],
					"interval": 221,
					"isonly": 1,
					"lyric": "",
					"lyric_hilight": "",
					"msgid": 14,
					"nt": 932313292,
					"pay": {
						"payalbum": 1,
						"payalbumprice": 2000,
						"paydownload": 1,
						"payinfo": 1,
						"payplay": 0,
						"paytrackmouth": 1,
						"paytrackprice": 200
					},
					"preview": {
						"trybegin": 73548,
						"tryend": 90408,
						"trysize": 270836
					},
					"pubtime": 1419523200,
					"pure": 0,
					"singer": [
						{
							"id": 4558,
							"mid": "0025NhlN2yWrP4",
							"name": "周杰伦",
							"name_hilight": "<span class=\"c_tx_highlight\">周杰伦</span>"
						}
					],
					"size128": 3539064,
					"size320": 8847355,
					"sizeape": 25941084,
					"sizeflac": 26402902,
					"sizeogg": 5499638,
					"songid": 101133228,
					"songmid": "004KpNVr0EdY0v",
					"songname": "鞋子特大号",
					"songname_hilight": "鞋子特大号",
					"stream": 6,
					"switch": 636675,
					"t": 1,
					"tag": 0,
					"type": 0,
					"ver": 0,
					"vid": ""
				}, {
					"albumid": 1458791,
					"albummid": "003RMaRI1iFoYd",
					"albumname": "周杰伦的床边故事",
					"albumname_hilight": "<span class=\"c_tx_highlight\">周杰伦</span>的床边故事",
					"alertid": 100002,
					"chinesesinger": 0,
					"docid": "17247837274439952445",
					"grp": [],
					"interval": 285,
					"isonly": 0,
					"lyric": "",
					"lyric_hilight": "",
					"msgid": 14,
					"nt": 6277297,
					"pay": {
						"payalbum": 1,
						"payalbumprice": 2000,
						"paydownload": 1,
						"payinfo": 1,
						"payplay": 0,
						"paytrackmouth": 1,
						"paytrackprice": 200
					},
					"preview": {
						"trybegin": 65236,
						"tryend": 113189,
						"trysize": 768208
					},
					"pubtime": 1466697600,
					"pure": 0,
					"singer": [
						{
							"id": 4558,
							"mid": "0025NhlN2yWrP4",
							"name": "周杰伦",
							"name_hilight": "<span class=\"c_tx_highlight\">周杰伦</span>"
						}
					],
					"size128": 4571007,
					"size320": 11427210,
					"sizeape": 31739055,
					"sizeflac": 31629866,
					"sizeogg": 6341196,
					"songid": 107192080,
					"songmid": "000eskGX0ijIFi",
					"songname": "爱情废柴",
					"songname_hilight": "爱情废柴",
					"stream": 1,
					"switch": 636675,
					"t": 1,
					"tag": 0,
					"type": 0,
					"ver": 0,
					"vid": ""
				}, {
					"albumid": 1632294,
					"albummid": "001NPMUu1BjDQU",
					"albumname": "中国新歌声 第14期 国庆演唱会",
					"albumname_hilight": "中国新歌声 第14期 国庆演唱会",
					"alertid": 100002,
					"chinesesinger": 0,
					"docid": "15793421631055420424",
					"grp": [],
					"interval": 212,
					"isonly": 1,
					"lyric": "",
					"lyric_hilight": "",
					"msgid": 14,
					"nt": 1937307497,
					"pay": {
						"payalbum": 0,
						"payalbumprice": 0,
						"paydownload": 1,
						"payinfo": 1,
						"payplay": 0,
						"paytrackmouth": 1,
						"paytrackprice": 200
					},
					"preview": {
						"trybegin": 66678,
						"tryend": 86826,
						"trysize": 323499
					},
					"pubtime": 1475424000,
					"pure": 0,
					"singer": [
						{
							"id": 4558,
							"mid": "0025NhlN2yWrP4",
							"name": "周杰伦",
							"name_hilight": "<span class=\"c_tx_highlight\">周杰伦</span>"
						}, {
							"id": 2082013,
							"mid": "000kKtZs46UaJv",
							"name": "LOKEY低调组合",
							"name_hilight": "LOKEY低调组合"
						}
					],
					"size128": 3396546,
					"size320": 8491041,
					"sizeape": 24534095,
					"sizeflac": 24659715,
					"sizeogg": 4463342,
					"songid": 108756223,
					"songmid": "002KZ58u4DHUMf",
					"songname": "告白气球 (Live)",
					"songname_hilight": "告白气球 (Live)",
					"stream": 4,
					"switch": 636675,
					"t": 1,
					"tag": 10,
					"type": 0,
					"ver": 0,
					"vid": ""
				}, {
					"albumid": 852856,
					"albummid": "001uqejs3d6EID",
					"albumname": "哎呦，不错哦",
					"albumname_hilight": "哎呦，不错哦",
					"alertid": 2,
					"chinesesinger": 0,
					"docid": "6156063520497269897",
					"grp": [],
					"interval": 279,
					"isonly": 1,
					"lyric": "",
					"lyric_hilight": "",
					"msgid": 14,
					"nt": 1795931355,
					"pay": {
						"payalbum": 1,
						"payalbumprice": 2000,
						"paydownload": 1,
						"payinfo": 1,
						"payplay": 0,
						"paytrackmouth": 1,
						"paytrackprice": 200
					},
					"preview": {
						"trybegin": 81806,
						"tryend": 131015,
						"trysize": 788270
					},
					"pubtime": 1419523200,
					"pure": 0,
					"singer": [
						{
							"id": 4558,
							"mid": "0025NhlN2yWrP4",
							"name": "周杰伦",
							"name_hilight": "<span class=\"c_tx_highlight\">周杰伦</span>"
						}
					],
					"size128": 4469863,
					"size320": 11174346,
					"sizeape": 33608554,
					"sizeflac": 33882611,
					"sizeogg": 6590620,
					"songid": 101787873,
					"songmid": "0026N9sT4aBGcV",
					"songname": "听见下雨的声音",
					"songname_hilight": "听见下雨的声音",
					"stream": 6,
					"switch": 636675,
					"t": 1,
					"tag": 10,
					"type": 0,
					"ver": 0,
					"vid": ""
				}, {
					"albumid": 852856,
					"albummid": "001uqejs3d6EID",
					"albumname": "哎呦，不错哦",
					"albumname_hilight": "哎呦，不错哦",
					"alertid": 2,
					"chinesesinger": 0,
					"docid": "2855857532377038116",
					"grp": [],
					"interval": 263,
					"isonly": 1,
					"lyric": "",
					"lyric_hilight": "",
					"msgid": 14,
					"nt": 1472439836,
					"pay": {
						"payalbum": 1,
						"payalbumprice": 2000,
						"paydownload": 1,
						"payinfo": 1,
						"payplay": 0,
						"paytrackmouth": 1,
						"paytrackprice": 200
					},
					"preview": {
						"trybegin": 95282,
						"tryend": 128331,
						"trysize": 529971
					},
					"pubtime": 1419523200,
					"pure": 0,
					"singer": [
						{
							"id": 4558,
							"mid": "0025NhlN2yWrP4",
							"name": "周杰伦",
							"name_hilight": "<span class=\"c_tx_highlight\">周杰伦</span>"
						}
					],
					"size128": 4214904,
					"size320": 10536955,
					"sizeape": 29823232,
					"sizeflac": 30043433,
					"sizeogg": 5959547,
					"songid": 101787871,
					"songmid": "003BiKB44LknC0",
					"songname": "听爸爸的话",
					"songname_hilight": "听爸爸的话",
					"stream": 6,
					"switch": 636675,
					"t": 1,
					"tag": 0,
					"type": 0,
					"ver": 0,
					"vid": ""
				}, {
					"albumid": 1306793,
					"albummid": "001uJFiE0tbGGa",
					"albumname": "英雄",
					"albumname_hilight": "英雄",
					"alertid": 100002,
					"chinesesinger": 0,
					"docid": "18152785201796938786",
					"grp": [],
					"interval": 200,
					"isonly": 1,
					"lyric": "《英雄联盟》中国品牌主题曲",
					"lyric_hilight": "《英雄联盟》中国品牌主题曲",
					"msgid": 14,
					"nt": 899579064,
					"pay": {
						"payalbum": 0,
						"payalbumprice": 0,
						"paydownload": 1,
						"payinfo": 1,
						"payplay": 0,
						"paytrackmouth": 1,
						"paytrackprice": 200
					},
					"preview": {
						"trybegin": 48388,
						"tryend": 81126,
						"trysize": 524955
					},
					"pubtime": 1458748800,
					"pure": 0,
					"singer": [
						{
							"id": 4558,
							"mid": "0025NhlN2yWrP4",
							"name": "周杰伦",
							"name_hilight": "<span class=\"c_tx_highlight\">周杰伦</span>"
						}
					],
					"size128": 3210116,
					"size320": 8024667,
					"sizeape": 25698663,
					"sizeflac": 26028721,
					"sizeogg": 4536477,
					"songid": 105755384,
					"songmid": "004Qscj80GYhGR",
					"songname": "英雄",
					"songname_hilight": "英雄",
					"stream": 3,
					"switch": 636675,
					"t": 1,
					"tag": 10,
					"type": 0,
					"ver": 0,
					"vid": ""
				}, {
					"albumid": 8220,
					"albummid": "000MkMni19ClKG",
					"albumname": "叶惠美",
					"albumname_hilight": "叶惠美",
					"alertid": 2,
					"chinesesinger": 0,
					"docid": "15824673455889204109",
					"grp": [],
					"interval": 342,
					"isonly": 1,
					"lyric": "",
					"lyric_hilight": "",
					"msgid": 14,
					"nt": 4179804468,
					"pay": {
						"payalbum": 0,
						"payalbumprice": 0,
						"paydownload": 1,
						"payinfo": 1,
						"payplay": 0,
						"paytrackmouth": 1,
						"paytrackprice": 200
					},
					"preview": {
						"trybegin": 152837,
						"tryend": 196722,
						"trysize": 703006
					},
					"pubtime": 1059580800,
					"pure": 0,
					"singer": [
						{
							"id": 4558,
							"mid": "0025NhlN2yWrP4",
							"name": "周杰伦",
							"name_hilight": "<span class=\"c_tx_highlight\">周杰伦</span>"
						}
					],
					"size128": 5476066,
					"size320": 13683454,
					"sizeape": 32397089,
					"sizeflac": 34111944,
					"sizeogg": 7481034,
					"songid": 97771,
					"songmid": "001n4C3p1yv0FU",
					"songname": "以父之名",
					"songname_hilight": "以父之名",
					"stream": 7,
					"switch": 636675,
					"t": 1,
					"tag": 0,
					"type": 0,
					"ver": 0,
					"vid": ""
				}, {
					"albumid": 453897,
					"albummid": "001cRVkW4PidI9",
					"albumname": "巨星金曲",
					"albumname_hilight": "巨星金曲",
					"alertid": 2,
					"chinesesinger": 0,
					"docid": "442686623244022034",
					"grp": [],
					"interval": 221,
					"isonly": 1,
					"lyric": "",
					"lyric_hilight": "",
					"msgid": 14,
					"nt": 3883583858,
					"pay": {
						"payalbum": 0,
						"payalbumprice": 0,
						"paydownload": 1,
						"payinfo": 1,
						"payplay": 0,
						"paytrackmouth": 1,
						"paytrackprice": 200
					},
					"preview": {
						"trybegin": 54118,
						"tryend": 76308,
						"trysize": 356100
					},
					"pubtime": 1389542400,
					"pure": 0,
					"singer": [
						{
							"id": 4558,
							"mid": "0025NhlN2yWrP4",
							"name": "周杰伦",
							"name_hilight": "<span class=\"c_tx_highlight\">周杰伦</span>"
						}
					],
					"size128": 3541980,
					"size320": 8854325,
					"sizeape": 24211733,
					"sizeflac": 25728167,
					"sizeogg": 5082283,
					"songid": 5159470,
					"songmid": "004FetLy2zme0O",
					"songname": "稻香",
					"songname_hilight": "稻香",
					"stream": 7,
					"switch": 636675,
					"t": 1,
					"tag": 10,
					"type": 0,
					"ver": 0,
					"vid": ""
				}, {
					"albumid": 852856,
					"albummid": "001uqejs3d6EID",
					"albumname": "哎呦，不错哦",
					"albumname_hilight": "哎呦，不错哦",
					"alertid": 2,
					"chinesesinger": 0,
					"docid": "14882818222592979498",
					"grp": [],
					"interval": 253,
					"isonly": 1,
					"lyric": "",
					"lyric_hilight": "",
					"msgid": 14,
					"nt": 3380527622,
					"pay": {
						"payalbum": 1,
						"payalbumprice": 2000,
						"paydownload": 1,
						"payinfo": 1,
						"payplay": 0,
						"paytrackmouth": 1,
						"paytrackprice": 200
					},
					"preview": {
						"trybegin": 65430,
						"tryend": 107420,
						"trysize": 672913
					},
					"pubtime": 1419523200,
					"pure": 0,
					"singer": [
						{
							"id": 4558,
							"mid": "0025NhlN2yWrP4",
							"name": "周杰伦",
							"name_hilight": "<span class=\"c_tx_highlight\">周杰伦</span>"
						}
					],
					"size128": 4052316,
					"size320": 10130487,
					"sizeape": 29313325,
					"sizeflac": 29412995,
					"sizeogg": 5754908,
					"songid": 101787866,
					"songmid": "00162TQ12285h4",
					"songname": "天涯过客",
					"songname_hilight": "天涯过客",
					"stream": 6,
					"switch": 636675,
					"t": 1,
					"tag": 0,
					"type": 0,
					"ver": 0,
					"vid": ""
				}
			],
			"totalnum": 40
		},
		"totaltime": 0,
		"zhida": {
			"albumnum": 31,
			"singerid": 4558,
			"singermid": "0025NhlN2yWrP4",
			"singername": "周杰伦",
			"songnum": 395,
			"type": 2
		}
	},
	"message": "",
	"notice": "",
	"subcode": 0,
	"time": 1517234245,
	"tips": ""
}