{
	"code": 0,
	"subcode": 0,
	"message": "",
	"default": 0,
	"data": {
		"uin": 0,
		"categoryId": 10000000,
		"sortId": 5,
		"sum": 5402,
		"sin": 0,
		"ein": 29,
		"list": [
			{
				"dissid": "890327314",
				"createtime": "2017-11-03",
				"commit_time": "2017-11-03",
				"dissname": "华语 | 斜阳余晖下，思念被拉好长",
				"imgurl": "http://p.qpic.cn/music_cover/38UCn2Yq89HOhk5xasnD2tMy1sDGxibQd91bCmAnej26PujWymeCmiaQ/600?n=1",
				"introduction": "",
				"listennum": 87223,
				"score": 0,
				"version": 0,
				"creator": {
					"type": 0,
					"qq": 2097206520,
					"encrypt_uin": "ownq7i-z7w4Aon**",
					"name": "艺术猫",
					"isVip": 0,
					"avatarUrl": "",
					"followflag": 0
				}
			}, {
				"dissid": "2983775451",
				"createtime": "2017-10-27",
				"commit_time": "2017-10-27",
				"dissname": "小语种音乐：纯享以色列之音",
				"imgurl": "http://p.qpic.cn/music_cover/ka2yTVAaK7TPKQf8bKAdpfs9iahTBzYOEnKzEwL9ehTKtGJKohHicIjA/600?n=1",
				"introduction": "",
				"listennum": 29963,
				"score": 0,
				"version": 0,
				"creator": {
					"type": 0,
					"qq": 643711727,
					"encrypt_uin": "7wvi7i657i-l",
					"name": "這里的黎明靜悄悄",
					"isVip": 0,
					"avatarUrl": "",
					"followflag": 0
				}
			}, {
				"dissid": "1176294647",
				"createtime": "2017-11-04",
				"commit_time": "2017-11-04",
				"dissname": "思念臆想症！想要一瓶戒掉你的朗姆酒！",
				"imgurl": "http://p.qpic.cn/music_cover/lricrZ3ca62ybvZbWYjtYaibibulicabb0mqoicdQzYLEAs9FTXzmvbV6gQ/600?n=1",
				"introduction": "",
				"listennum": 57151,
				"score": 0,
				"version": 0,
				"creator": {
					"type": 2,
					"qq": 1967728311,
					"encrypt_uin": "oKEs7iSANeo5ov**",
					"name": "冷门单曲酱",
					"isVip": 2,
					"avatarUrl": "",
					"followflag": 0
				}
			}, {
				"dissid": "3617722786",
				"createtime": "2017-12-27",
				"commit_time": "2017-12-27",
				"dissname": "跨越物种的爱恋：二代妖精之今生有幸",
				"imgurl": "http://p.qpic.cn/music_cover/qB1icvKIehIKmroV6TNic9D7WKInN9RjiaHoV7F1uzlG6D72U7KIfSqaQ/600?n=1",
				"introduction": "",
				"listennum": 25085,
				"score": 0,
				"version": 0,
				"creator": {
					"type": 0,
					"qq": 2017429855,
					"encrypt_uin": "own57ivANKck7v**",
					"name": "涩涩的大棕熊",
					"isVip": 0,
					"avatarUrl": "",
					"followflag": 0
				}
			}, {
				"dissid": "3623395781",
				"createtime": "2018-01-05",
				"commit_time": "2018-01-05",
				"dissname": "微光角落丨深度挖掘百首冷门纯电",
				"imgurl": "http://p.qpic.cn/music_cover/hBibLwnyBfQncfrhVAHPPayCpdvDRyd8vmM2BQSzozU4clnM2mILK3Q/600?n=1",
				"introduction": "",
				"listennum": 68871,
				"score": 0,
				"version": 0,
				"creator": {
					"type": 2,
					"qq": 1900614021,
					"encrypt_uin": "oKEzoeC57enAov**",
					"name": "LoVe",
					"isVip": 2,
					"avatarUrl": "",
					"followflag": 0
				}
			}, {
				"dissid": "3623468729",
				"createtime": "2018-01-02",
				"commit_time": "2018-01-02",
				"dissname": "韩国性感Diva：2018谁将接任第三代？",
				"imgurl": "http://p.qpic.cn/music_cover/icLTHicH8iakBFAJbiazGT3Dn9y3eKOjaVf2MKNrFQKeNnFzkZPJWU6ItQ/600?n=1",
				"introduction": "",
				"listennum": 74708,
				"score": 0,
				"version": 0,
				"creator": {
					"type": 0,
					"qq": 631851806,
					"encrypt_uin": "7wo5Ne45Nens",
					"name": "虛榮少女",
					"isVip": 0,
					"avatarUrl": "",
					"followflag": 0
				}
			}, {
				"dissid": "3631610141",
				"createtime": "2018-01-04",
				"commit_time": "2018-01-04",
				"dissname": "华语歌手唱英文丨我们也是国际范",
				"imgurl": "http://p.qpic.cn/music_cover/p6LNWS7PGCC5nibLQicHxrmibIzjfLhxK76JSEsPgZNCWa2Qh6RticUksg/600?n=1",
				"introduction": "",
				"listennum": 49249,
				"score": 0,
				"version": 0,
				"creator": {
					"type": 0,
					"qq": 1065060014,
					"encrypt_uin": "oKns7Knsoen57n**",
					"name": "指尖上的节奏",
					"isVip": 0,
					"avatarUrl": "",
					"followflag": 0
				}
			}, {
				"dissid": "1785430793",
				"createtime": "2017-11-03",
				"commit_time": "2017-11-03",
				"dissname": "当萨克斯融入电音，冰冷的世界被点亮了",
				"imgurl": "http://p.qpic.cn/music_cover/Xsq6qhuvjwjo1dw4Esyp6K9YHsBIGHuFwQIQEMmqW4tINjdiasKyhBA/600?n=1",
				"introduction": "",
				"listennum": 71791,
				"score": 0,
				"version": 0,
				"creator": {
					"type": 0,
					"qq": 3503242823,
					"encrypt_uin": "oi4zoi-PowcAoz**",
					"name": "北悸安凉",
					"isVip": 0,
					"avatarUrl": "",
					"followflag": 0
				}
			}, {
				"dissid": "3615977622",
				"createtime": "2017-12-29",
				"commit_time": "2017-12-29",
				"dissname": "女人唔易做！新时代独立女性教科书",
				"imgurl": "http://p.qpic.cn/music_cover/ia3Qx5lTvNJUpQJvjpoVxFxibNzic6B7F9luVEzWVbvN3jNxYG7p34icibg/600?n=1",
				"introduction": "",
				"listennum": 32250,
				"score": 0,
				"version": 0,
				"creator": {
					"type": 0,
					"qq": 3358526560,
					"encrypt_uin": "oiokNe4A7w4son**",
					"name": "秋山陇月幸",
					"isVip": 0,
					"avatarUrl": "",
					"followflag": 0
				}
			}, {
				"dissid": "1785323488",
				"createtime": "2017-11-02",
				"commit_time": "2017-11-02",
				"dissname": "日系男男对唱，他和他的默契时光",
				"imgurl": "http://p.qpic.cn/music_cover/1d31HicwEp1q9icIvfYtqmpKPDakShiaL6ds6Wibthxtdic8NEUSD8ia16iag/600?n=1",
				"introduction": "",
				"listennum": 41412,
				"score": 0,
				"version": 0,
				"creator": {
					"type": 0,
					"qq": 3052454313,
					"encrypt_uin": "oinkowvk7eo5oz**",
					"name": "岁月神偷",
					"isVip": 0,
					"avatarUrl": "",
					"followflag": 0
				}
			}, {
				"dissid": "3639952887",
				"createtime": "2018-01-08",
				"commit_time": "2018-01-08",
				"dissname": "第75届电影电视金球奖获奖&提名名单",
				"imgurl": "http://p.qpic.cn/music_cover/tVHdkb5iaiaTyibtbrmFXiaX9nv1hn8lHeezcG7UqI4gRwhTS3DZg5QIoA/600?n=1",
				"introduction": "",
				"listennum": 171674,
				"score": 0,
				"version": 0,
				"creator": {
					"type": 0,
					"qq": 2764271129,
					"encrypt_uin": "owSs7e-loK6ANv**",
					"name": "ColaMan",
					"isVip": 0,
					"avatarUrl": "",
					"followflag": 0
				}
			}, {
				"dissid": "3606434852",
				"createtime": "2018-01-03",
				"commit_time": "2018-01-03",
				"dissname": "民谣·国风 | 红衣落尽良人不归来",
				"imgurl": "http://p.qpic.cn/music_cover/UCJDptU3vGgQt6PS5Hn6C1Jda82q3ibvcAAicFVYJIiboFZbJr2an4rhw/600?n=1",
				"introduction": "",
				"listennum": 444345,
				"score": 0,
				"version": 0,
				"creator": {
					"type": 2,
					"qq": 188651765,
					"encrypt_uin": "oKcF7w457iCk",
					"name": "生如夏花",
					"isVip": 2,
					"avatarUrl": "",
					"followflag": 0
				}
			}, {
				"dissid": "3616302180",
				"createtime": "2017-12-26",
				"commit_time": "2017-12-26",
				"dissname": "猫咪散步时的自备乐：香港后摇",
				"imgurl": "http://p.qpic.cn/music_cover/8NYC8efIo52OTDC9przZYBglquaTPjRjBicYVbOoanOfibqp1KcuicdHw/600?n=1",
				"introduction": "",
				"listennum": 116442,
				"score": 0,
				"version": 0,
				"creator": {
					"type": 0,
					"qq": 3248641960,
					"encrypt_uin": "oi-PNeCPoKEson**",
					"name": "MouYong LynLyn",
					"isVip": 0,
					"avatarUrl": "",
					"followflag": 0
				}
			}, {
				"dissid": "3591175213",
				"createtime": "2017-12-28",
				"commit_time": "2017-12-28",
				"dissname": "致自己：学着努力强迫，余生光阴忘记你",
				"imgurl": "http://p.qpic.cn/music_cover/8HhavvWNIicpyjlv0UnT5TfMaSdbLR6AHedrZozgiaAQgJUGDwyYCQHg/600?n=1",
				"introduction": "",
				"listennum": 1480257,
				"score": 0,
				"version": 0,
				"creator": {
					"type": 2,
					"qq": 478695379,
					"encrypt_uin": "7eSF7wEkoiSq",
					"name": "DJ顾念晨",
					"isVip": 2,
					"avatarUrl": "",
					"followflag": 0
				}
			}, {
				"dissid": "3629105697",
				"createtime": "2018-01-02",
				"commit_time": "2018-01-02",
				"dissname": "《前任3:再见前任》遗憾是最深情的告别",
				"imgurl": "http://p.qpic.cn/music_cover/V34Wl85ZuJRskg3Ds3R8yxbejBR0f4DN2vwZ2hM44Ay4DmRY9dsJHw/600?n=1",
				"introduction": "",
				"listennum": 1317344,
				"score": 0,
				"version": 0,
				"creator": {
					"type": 0,
					"qq": 2274218287,
					"encrypt_uin": "ow-l7e-5Ne-F7z**",
					"name": "香草拿铁",
					"isVip": 0,
					"avatarUrl": "",
					"followflag": 0
				}
			}, {
				"dissid": "2384094911",
				"createtime": "2018-01-03",
				"commit_time": "2018-01-03",
				"dissname": "睡不着？送你颗来自韩国的进口催眠药",
				"imgurl": "http://p.qpic.cn/music_cover/iaKWuOopD3iapM7JjD7In6UjnFibhzBDCbSelTySGGIS4taT8MVNGd06w/600?n=1",
				"introduction": "",
				"listennum": 92628,
				"score": 0,
				"version": 0,
				"creator": {
					"type": 0,
					"qq": 1553392125,
					"encrypt_uin": "oK4koioqow6A7v**",
					"name": "沈清。",
					"isVip": 0,
					"avatarUrl": "",
					"followflag": 0
				}
			}, {
				"dissid": "1492855948",
				"createtime": "2018-01-05",
				"commit_time": "2018-01-05",
				"dissname": "达人周末 | 国内唱见歌手的代表作",
				"imgurl": "http://p.qpic.cn/music_cover/ESQkDB4ohgibFpRT23xHVFRntXssKqlPtETZo9kaUh17GpzCs6iajtlA/600?n=1",
				"introduction": "",
				"listennum": 1361781,
				"score": 0,
				"version": 0,
				"creator": {
					"type": 0,
					"qq": 1283432642,
					"encrypt_uin": "oK-FoiviowCPoc**",
					"name": "达人周末",
					"isVip": 0,
					"avatarUrl": "",
					"followflag": 0
				}
			}, {
				"dissid": "1185939817",
				"createtime": "2017-11-07",
				"commit_time": "2017-11-07",
				"dissname": "期末考又到了，熬夜复习的百首电子良药",
				"imgurl": "http://p.qpic.cn/music_cover/hBibLwnyBfQncfrhVAHPPayCpdvDRyd8v8u0SHZpibObD8yvbdCtc2iaw/600?n=1",
				"introduction": "",
				"listennum": 663334,
				"score": 0,
				"version": 0,
				"creator": {
					"type": 2,
					"qq": 1900614021,
					"encrypt_uin": "oKEzoeC57enAov**",
					"name": "LoVe",
					"isVip": 2,
					"avatarUrl": "",
					"followflag": 0
				}
			}, {
				"dissid": "3566809346",
				"createtime": "2017-06-07",
				"commit_time": "2017-06-07",
				"dissname": "小憩时光 | 慵懒与猫，咖啡与书",
				"imgurl": "http://p.qpic.cn/music_cover/8HhavvWNIicpyjlv0UnT5TasmRs8z6VIicDhdckPew15X6GMa8NlZnDA/600?n=1",
				"introduction": "",
				"listennum": 886254,
				"score": 0,
				"version": 0,
				"creator": {
					"type": 2,
					"qq": 478695379,
					"encrypt_uin": "7eSF7wEkoiSq",
					"name": "DJ顾念晨",
					"isVip": 2,
					"avatarUrl": "",
					"followflag": 0
				}
			}, {
				"dissid": "895489206",
				"createtime": "2017-12-11",
				"commit_time": "2017-12-11",
				"dissname": "面试失利？听日系抒情摇滚找回自信",
				"imgurl": "http://p.qpic.cn/music_cover/nnRNzNd5rZaggsDwk2uSnY4PVyZ1ZwLNT1ZrGJCSNgWBfQZWsGXU6A/600?n=1",
				"introduction": "",
				"listennum": 151664,
				"score": 0,
				"version": 0,
				"creator": {
					"type": 0,
					"qq": 3525093560,
					"encrypt_uin": "oi4A7Knqoi4son**",
					"name": "咔咘咔卟里基德",
					"isVip": 0,
					"avatarUrl": "",
					"followflag": 0
				}
			}, {
				"dissid": "3272669550",
				"createtime": "2017-08-01",
				"commit_time": "2017-08-01",
				"dissname": "古风纯音 | 江山如画  一时多少豪杰",
				"imgurl": "http://p.qpic.cn/music_cover/CJ35Z2cnZA0kWwtIMrxsbsX0n7uWaQZvCcgaSYbm6YUzFJLnYdYT8A/600?n=1",
				"introduction": "",
				"listennum": 318900,
				"score": 0,
				"version": 0,
				"creator": {
					"type": 0,
					"qq": 86010258,
					"encrypt_uin": "NeCzoKnA7Kc*",
					"name": "霜泧",
					"isVip": 0,
					"avatarUrl": "",
					"followflag": 0
				}
			}, {
				"dissid": "3614494011",
				"createtime": "2017-12-25",
				"commit_time": "2017-12-25",
				"dissname": "冬日热身BGM！中二之魂燃烧着这个季节",
				"imgurl": "http://p.qpic.cn/music_cover/OEtP0gcPDXJa1QXC0SvgS3KeQZOD5nFeHdQS8eqmAPZfFiaicvOdwTAQ/600?n=1",
				"introduction": "",
				"listennum": 221236,
				"score": 0,
				"version": 0,
				"creator": {
					"type": 0,
					"qq": 2678926715,
					"encrypt_uin": "owClNeEA7wS57v**",
					"name": "艺术就是爆炸",
					"isVip": 0,
					"avatarUrl": "",
					"followflag": 0
				}
			}, {
				"dissid": "3633262537",
				"createtime": "2018-01-05",
				"commit_time": "2018-01-05",
				"dissname": "励志！2018年第一个周末要做的事",
				"imgurl": "http://p.qpic.cn/music_cover/hSqULWEBYJEo7iaPyicuhTve1LLBZfMW5A2s0Pal5Dg4kW5KErMv5I9A/600?n=1",
				"introduction": "",
				"listennum": 701496,
				"score": 0,
				"version": 0,
				"creator": {
					"type": 0,
					"qq": 1946192745,
					"encrypt_uin": "oKEP7w6qowSP7v**",
					"name": "食肉少女",
					"isVip": 0,
					"avatarUrl": "",
					"followflag": 0
				}
			}, {
				"dissid": "3616838494",
				"createtime": "2017-12-26",
				"commit_time": "2017-12-26",
				"dissname": "Future step | 冬夜跑步专用的零度电子",
				"imgurl": "http://p.qpic.cn/music_cover/1HFn1Rm4ztLiaPmN5cz0jGicy4C5pFj7mZ4HFWKdiaOsGia7WfghIuI3wg/600?n=1",
				"introduction": "",
				"listennum": 150961,
				"score": 0,
				"version": 0,
				"creator": {
					"type": 0,
					"qq": 1776206658,
					"encrypt_uin": "oKSl7w-z7wCkNn**",
					"name": "开心的笑",
					"isVip": 0,
					"avatarUrl": "",
					"followflag": 0
				}
			}, {
				"dissid": "3631591813",
				"createtime": "2018-01-04",
				"commit_time": "2018-01-04",
				"dissname": "还在求雪？这是为你私人订制的冰雪世界",
				"imgurl": "http://p.qpic.cn/music_cover/4fNUrZe1KnJJVic1Aq97mkpElicvVBdUnAkY544A922th5IbnjMC8spQ/600?n=1",
				"introduction": "",
				"listennum": 101017,
				"score": 0,
				"version": 0,
				"creator": {
					"type": 2,
					"qq": 747867769,
					"encrypt_uin": "7ivlNeCl7iCq",
					"name": "JTY起风了",
					"isVip": 2,
					"avatarUrl": "",
					"followflag": 0
				}
			}, {
				"dissid": "3607927706",
				"createtime": "2017-12-22",
				"commit_time": "2017-12-22",
				"dissname": " My Little Airport 的消极浪漫主义",
				"imgurl": "http://p.qpic.cn/music_cover/X9lmt3gQ1KkaezXF13jX3wtViayjSjp68Obx6CbJ597d40ucDXGiap1Q/600?n=1",
				"introduction": "",
				"listennum": 190219,
				"score": 0,
				"version": 0,
				"creator": {
					"type": 2,
					"qq": 1079096147,
					"encrypt_uin": "oKnlNKnq7w6P7z**",
					"name": "蘑菇",
					"isVip": 2,
					"avatarUrl": "",
					"followflag": 0
				}
			}, {
				"dissid": "3591129022",
				"createtime": "2017-12-28",
				"commit_time": "2017-12-28",
				"dissname": "基本操作！宇航员们听这些歌在太空漫步",
				"imgurl": "http://p.qpic.cn/music_cover/8HhavvWNIicpyjlv0UnT5TbmGZ7FXbzOUV833yKDoLW7GHzMda1dn2w/600?n=1",
				"introduction": "",
				"listennum": 235517,
				"score": 0,
				"version": 0,
				"creator": {
					"type": 2,
					"qq": 478695379,
					"encrypt_uin": "7eSF7wEkoiSq",
					"name": "DJ顾念晨",
					"isVip": 2,
					"avatarUrl": "",
					"followflag": 0
				}
			}, {
				"dissid": "3633117302",
				"createtime": "2018-01-05",
				"commit_time": "2018-01-05",
				"dissname": "养不起这些野男人！李泽言夫人偷钱BGM",
				"imgurl": "http://p.qpic.cn/music_cover/ibKysY6Vl2IgkWH1bXsvHA9xzEWpMHkodkSvWyylqomgF66w3CUOFvw/600?n=1",
				"introduction": "",
				"listennum": 410417,
				"score": 0,
				"version": 0,
				"creator": {
					"type": 0,
					"qq": 1146763218,
					"encrypt_uin": "oK6P7wSsoi-5Nn**",
					"name": "喜欢吃钙片",
					"isVip": 0,
					"avatarUrl": "",
					"followflag": 0
				}
			}, {
				"dissid": "3630552728",
				"createtime": "2018-01-04",
				"commit_time": "2018-01-04",
				"dissname": "王者之路：燃爆电子助你决胜疆场",
				"imgurl": "http://p.qpic.cn/music_cover/MhQ4bJBPt3Yt5icXyBGNhyPJnE9O51CqaFKRvRSicAGLrXGf10d3djeg/600?n=1",
				"introduction": "",
				"listennum": 69273,
				"score": 0,
				"version": 0,
				"creator": {
					"type": 0,
					"qq": 452775188,
					"encrypt_uin": "7e4A7iSkoKcF",
					"name": "还不是因为你长得不好看",
					"isVip": 0,
					"avatarUrl": "",
					"followflag": 0
				}
			}, {
				"dissid": "3615619599",
				"createtime": "2018-01-04",
				"commit_time": "2018-01-04",
				"dissname": "古风和声 | 把酒互吟，愁上心头",
				"imgurl": "http://p.qpic.cn/music_cover/J64RvyhQtdjd9bWzGSbsoOSh32znS4NedGeHavJQsPfuEEXdc3icNvA/600?n=1",
				"introduction": "",
				"listennum": 523896,
				"score": 0,
				"version": 0,
				"creator": {
					"type": 0,
					"qq": 2123143040,
					"encrypt_uin": "ow6Aoi6PoinPon**",
					"name": "一阵春风",
					"isVip": 0,
					"avatarUrl": "",
					"followflag": 0
				}
			}
		]
	}
}