{
	"code": 0,
	"subcode": 0,
	"message": "",
	"default": 0,
	"data": {
		"uin": 0,
		"categoryId": 10000000,
		"sortId": 5,
		"sum": 5402,
		"sin": 0,
		"ein": 29,
		"list": [
			{
				"dissid": "890327314",
				"createtime": "2017-11-03",
				"commit_time": "2017-11-03",
				"dissname": "华语 | 斜阳余晖下，思念被拉好长",
				"imgurl": "http://localhost:8888/recommend/600_1.jpg",
				"introduction": "",
				"listennum": 87223,
				"score": 0,
				"version": 0,
				"creator": {
					"type": 0,
					"qq": 2097206520,
					"encrypt_uin": "ownq7i-z7w4Aon**",
					"name": "艺术猫",
					"isVip": 0,
					"avatarUrl": "",
					"followflag": 0
				}
			},
			{
				"dissid": "2983775451",
				"createtime": "2017-10-27",
				"commit_time": "2017-10-27",
				"dissname": "小语种音乐：纯享以色列之音",
				"imgurl": "http://localhost:8888/recommend/600_2.jpg",
				"introduction": "",
				"listennum": 29963,
				"score": 0,
				"version": 0,
				"creator": {
					"type": 0,
					"qq": 643711727,
					"encrypt_uin": "7wvi7i657i-l",
					"name": "這里的黎明靜悄悄",
					"isVip": 0,
					"avatarUrl": "",
					"followflag": 0
				}
			}, 
			{
				"dissid": "1176294647",
				"createtime": "2017-11-04",
				"commit_time": "2017-11-04",
				"dissname": "思念臆想症！想要一瓶戒掉你的朗姆酒！",
				"imgurl": "http://localhost:8888/recommend/600_3.jpg",
				"introduction": "",
				"listennum": 57151,
				"score": 0,
				"version": 0,
				"creator": {
					"type": 2,
					"qq": 1967728311,
					"encrypt_uin": "oKEs7iSANeo5ov**",
					"name": "冷门单曲酱",
					"isVip": 2,
					"avatarUrl": "",
					"followflag": 0
				}
			}, 
			{
				"dissid": "3617722786",
				"createtime": "2017-12-27",
				"commit_time": "2017-12-27",
				"dissname": "跨越物种的爱恋：二代妖精之今生有幸",
				"imgurl": "http://localhost:8888/recommend/600_4.jpg",
				"introduction": "",
				"listennum": 25085,
				"score": 0,
				"version": 0,
				"creator": {
					"type": 0,
					"qq": 2017429855,
					"encrypt_uin": "own57ivANKck7v**",
					"name": "涩涩的大棕熊",
					"isVip": 0,
					"avatarUrl": "",
					"followflag": 0
				}
			}, 
			{
				"dissid": "3623395781",
				"createtime": "2018-01-05",
				"commit_time": "2018-01-05",
				"dissname": "微光角落丨深度挖掘百首冷门纯电",
				"imgurl": "http://localhost:8888/recommend/600_5.jpg",
				"introduction": "",
				"listennum": 68871,
				"score": 0,
				"version": 0,
				"creator": {
					"type": 2,
					"qq": 1900614021,
					"encrypt_uin": "oKEzoeC57enAov**",
					"name": "LoVe",
					"isVip": 2,
					"avatarUrl": "",
					"followflag": 0
				}
			}, 
			{
				"dissid": "3623468729",
				"createtime": "2018-01-02",
				"commit_time": "2018-01-02",
				"dissname": "韩国性感Diva：2018谁将接任第三代？",
				"imgurl": "http://localhost:8888/recommend/600_6.jpg",
				"introduction": "",
				"listennum": 74708,
				"score": 0,
				"version": 0,
				"creator": {
					"type": 0,
					"qq": 631851806,
					"encrypt_uin": "7wo5Ne45Nens",
					"name": "虛榮少女",
					"isVip": 0,
					"avatarUrl": "",
					"followflag": 0
				}
			}, 
			{
				"dissid": "3631610141",
				"createtime": "2018-01-04",
				"commit_time": "2018-01-04",
				"dissname": "华语歌手唱英文丨我们也是国际范",
				"imgurl": "http://localhost:8888/recommend/600_7.jpg",
				"introduction": "",
				"listennum": 49249,
				"score": 0,
				"version": 0,
				"creator": {
					"type": 0,
					"qq": 1065060014,
					"encrypt_uin": "oKns7Knsoen57n**",
					"name": "指尖上的节奏",
					"isVip": 0,
					"avatarUrl": "",
					"followflag": 0
				}
			}, 
			{
				"dissid": "1785430793",
				"createtime": "2017-11-03",
				"commit_time": "2017-11-03",
				"dissname": "当萨克斯融入电音，冰冷的世界被点亮了",
				"imgurl": "http://localhost:8888/recommend/600_1.jpg",
				"introduction": "",
				"listennum": 71791,
				"score": 0,
				"version": 0,
				"creator": {
					"type": 0,
					"qq": 3503242823,
					"encrypt_uin": "oi4zoi-PowcAoz**",
					"name": "北悸安凉",
					"isVip": 0,
					"avatarUrl": "",
					"followflag": 0
				}
			}, 
			{
				"dissid": "3615977622",
				"createtime": "2017-12-29",
				"commit_time": "2017-12-29",
				"dissname": "女人唔易做！新时代独立女性教科书",
				"imgurl": "http://localhost:8888/recommend/600_2.jpg",
				"introduction": "",
				"listennum": 32250,
				"score": 0,
				"version": 0,
				"creator": {
					"type": 0,
					"qq": 3358526560,
					"encrypt_uin": "oiokNe4A7w4son**",
					"name": "秋山陇月幸",
					"isVip": 0,
					"avatarUrl": "",
					"followflag": 0
				}
			}, 
			{
				"dissid": "1785323488",
				"createtime": "2017-11-02",
				"commit_time": "2017-11-02",
				"dissname": "日系男男对唱，他和他的默契时光",
				"imgurl": "http://localhost:8888/recommend/600_3.jpg",
				"introduction": "",
				"listennum": 41412,
				"score": 0,
				"version": 0,
				"creator": {
					"type": 0,
					"qq": 3052454313,
					"encrypt_uin": "oinkowvk7eo5oz**",
					"name": "岁月神偷",
					"isVip": 0,
					"avatarUrl": "",
					"followflag": 0
				}
			}, 
			{
				"dissid": "3639952887",
				"createtime": "2018-01-08",
				"commit_time": "2018-01-08",
				"dissname": "第75届电影电视金球奖获奖&提名名单",
				"imgurl": "http://localhost:8888/recommend/600_4.jpg",
				"introduction": "",
				"listennum": 171674,
				"score": 0,
				"version": 0,
				"creator": {
					"type": 0,
					"qq": 2764271129,
					"encrypt_uin": "owSs7e-loK6ANv**",
					"name": "ColaMan",
					"isVip": 0,
					"avatarUrl": "",
					"followflag": 0
				}
			}, 
			{
				"dissid": "3606434852",
				"createtime": "2018-01-03",
				"commit_time": "2018-01-03",
				"dissname": "民谣·国风 | 红衣落尽良人不归来",
				"imgurl": "http://localhost:8888/recommend/600_5.jpg",
				"introduction": "",
				"listennum": 444345,
				"score": 0,
				"version": 0,
				"creator": {
					"type": 2,
					"qq": 188651765,
					"encrypt_uin": "oKcF7w457iCk",
					"name": "生如夏花",
					"isVip": 2,
					"avatarUrl": "",
					"followflag": 0
				}
			}, 
			{
				"dissid": "3616302180",
				"createtime": "2017-12-26",
				"commit_time": "2017-12-26",
				"dissname": "猫咪散步时的自备乐：香港后摇",
				"imgurl": "http://localhost:8888/recommend/600_6.jpg",
				"introduction": "",
				"listennum": 116442,
				"score": 0,
				"version": 0,
				"creator": {
					"type": 0,
					"qq": 3248641960,
					"encrypt_uin": "oi-PNeCPoKEson**",
					"name": "MouYong LynLyn",
					"isVip": 0,
					"avatarUrl": "",
					"followflag": 0
				}
			}, 
			{
				"dissid": "3591175213",
				"createtime": "2017-12-28",
				"commit_time": "2017-12-28",
				"dissname": "致自己：学着努力强迫，余生光阴忘记你",
				"imgurl": "http://localhost:8888/recommend/600_7.jpg",
				"introduction": "",
				"listennum": 1480257,
				"score": 0,
				"version": 0,
				"creator": {
					"type": 2,
					"qq": 478695379,
					"encrypt_uin": "7eSF7wEkoiSq",
					"name": "DJ顾念晨",
					"isVip": 2,
					"avatarUrl": "",
					"followflag": 0
				}
			},
			{
				"dissid": "890327314",
				"createtime": "2017-11-03",
				"commit_time": "2017-11-03",
				"dissname": "华语 | 斜阳余晖下，思念被拉好长",
				"imgurl": "http://localhost:8888/recommend/600_1.jpg",
				"introduction": "",
				"listennum": 87223,
				"score": 0,
				"version": 0,
				"creator": {
					"type": 0,
					"qq": 2097206520,
					"encrypt_uin": "ownq7i-z7w4Aon**",
					"name": "艺术猫",
					"isVip": 0,
					"avatarUrl": "",
					"followflag": 0
				}
			}, 
			{
				"dissid": "2983775451",
				"createtime": "2017-10-27",
				"commit_time": "2017-10-27",
				"dissname": "小语种音乐：纯享以色列之音",
				"imgurl": "http://localhost:8888/recommend/600_2.jpg",
				"introduction": "",
				"listennum": 29963,
				"score": 0,
				"version": 0,
				"creator": {
					"type": 0,
					"qq": 643711727,
					"encrypt_uin": "7wvi7i657i-l",
					"name": "這里的黎明靜悄悄",
					"isVip": 0,
					"avatarUrl": "",
					"followflag": 0
				}
			}, 
			{
				"dissid": "1176294647",
				"createtime": "2017-11-04",
				"commit_time": "2017-11-04",
				"dissname": "思念臆想症！想要一瓶戒掉你的朗姆酒！",
				"imgurl": "http://localhost:8888/recommend/600_3.jpg",
				"introduction": "",
				"listennum": 57151,
				"score": 0,
				"version": 0,
				"creator": {
					"type": 2,
					"qq": 1967728311,
					"encrypt_uin": "oKEs7iSANeo5ov**",
					"name": "冷门单曲酱",
					"isVip": 2,
					"avatarUrl": "",
					"followflag": 0
				}
			}, 
			{
				"dissid": "3617722786",
				"createtime": "2017-12-27",
				"commit_time": "2017-12-27",
				"dissname": "跨越物种的爱恋：二代妖精之今生有幸",
				"imgurl": "http://localhost:8888/recommend/600_4.jpg",
				"introduction": "",
				"listennum": 25085,
				"score": 0,
				"version": 0,
				"creator": {
					"type": 0,
					"qq": 2017429855,
					"encrypt_uin": "own57ivANKck7v**",
					"name": "涩涩的大棕熊",
					"isVip": 0,
					"avatarUrl": "",
					"followflag": 0
				}
			}, 
			{
				"dissid": "3623395781",
				"createtime": "2018-01-05",
				"commit_time": "2018-01-05",
				"dissname": "微光角落丨深度挖掘百首冷门纯电",
				"imgurl": "http://localhost:8888/recommend/600_5.jpg",
				"introduction": "",
				"listennum": 68871,
				"score": 0,
				"version": 0,
				"creator": {
					"type": 2,
					"qq": 1900614021,
					"encrypt_uin": "oKEzoeC57enAov**",
					"name": "LoVe",
					"isVip": 2,
					"avatarUrl": "",
					"followflag": 0
				}
			}, 
			{
				"dissid": "3623468729",
				"createtime": "2018-01-02",
				"commit_time": "2018-01-02",
				"dissname": "韩国性感Diva：2018谁将接任第三代？",
				"imgurl": "http://localhost:8888/recommend/600_6.jpg",
				"introduction": "",
				"listennum": 74708,
				"score": 0,
				"version": 0,
				"creator": {
					"type": 0,
					"qq": 631851806,
					"encrypt_uin": "7wo5Ne45Nens",
					"name": "虛榮少女",
					"isVip": 0,
					"avatarUrl": "",
					"followflag": 0
				}
			}, 
			{
				"dissid": "3631610141",
				"createtime": "2018-01-04",
				"commit_time": "2018-01-04",
				"dissname": "华语歌手唱英文丨我们也是国际范",
				"imgurl": "http://localhost:8888/recommend/600_7.jpg",
				"introduction": "",
				"listennum": 49249,
				"score": 0,
				"version": 0,
				"creator": {
					"type": 0,
					"qq": 1065060014,
					"encrypt_uin": "oKns7Knsoen57n**",
					"name": "指尖上的节奏",
					"isVip": 0,
					"avatarUrl": "",
					"followflag": 0
				}
			}, 
			{
				"dissid": "1785430793",
				"createtime": "2017-11-03",
				"commit_time": "2017-11-03",
				"dissname": "当萨克斯融入电音，冰冷的世界被点亮了",
				"imgurl": "http://localhost:8888/recommend/600_1.jpg",
				"introduction": "",
				"listennum": 71791,
				"score": 0,
				"version": 0,
				"creator": {
					"type": 0,
					"qq": 3503242823,
					"encrypt_uin": "oi4zoi-PowcAoz**",
					"name": "北悸安凉",
					"isVip": 0,
					"avatarUrl": "",
					"followflag": 0
				}
			}, 
			{
				"dissid": "3615977622",
				"createtime": "2017-12-29",
				"commit_time": "2017-12-29",
				"dissname": "女人唔易做！新时代独立女性教科书",
				"imgurl": "http://localhost:8888/recommend/600_2.jpg",
				"introduction": "",
				"listennum": 32250,
				"score": 0,
				"version": 0,
				"creator": {
					"type": 0,
					"qq": 3358526560,
					"encrypt_uin": "oiokNe4A7w4son**",
					"name": "秋山陇月幸",
					"isVip": 0,
					"avatarUrl": "",
					"followflag": 0
				}
			}, 
			{
				"dissid": "1785323488",
				"createtime": "2017-11-02",
				"commit_time": "2017-11-02",
				"dissname": "日系男男对唱，他和他的默契时光",
				"imgurl": "http://localhost:8888/recommend/600_3.jpg",
				"introduction": "",
				"listennum": 41412,
				"score": 0,
				"version": 0,
				"creator": {
					"type": 0,
					"qq": 3052454313,
					"encrypt_uin": "oinkowvk7eo5oz**",
					"name": "岁月神偷",
					"isVip": 0,
					"avatarUrl": "",
					"followflag": 0
				}
			}, 
			{
				"dissid": "3639952887",
				"createtime": "2018-01-08",
				"commit_time": "2018-01-08",
				"dissname": "第75届电影电视金球奖获奖&提名名单",
				"imgurl": "http://localhost:8888/recommend/600_4.jpg",
				"introduction": "",
				"listennum": 171674,
				"score": 0,
				"version": 0,
				"creator": {
					"type": 0,
					"qq": 2764271129,
					"encrypt_uin": "owSs7e-loK6ANv**",
					"name": "ColaMan",
					"isVip": 0,
					"avatarUrl": "",
					"followflag": 0
				}
			}, 
			{
				"dissid": "3606434852",
				"createtime": "2018-01-03",
				"commit_time": "2018-01-03",
				"dissname": "民谣·国风 | 红衣落尽良人不归来",
				"imgurl": "http://localhost:8888/recommend/600_5.jpg",
				"introduction": "",
				"listennum": 444345,
				"score": 0,
				"version": 0,
				"creator": {
					"type": 2,
					"qq": 188651765,
					"encrypt_uin": "oKcF7w457iCk",
					"name": "生如夏花",
					"isVip": 2,
					"avatarUrl": "",
					"followflag": 0
				}
			}, 
			{
				"dissid": "3616302180",
				"createtime": "2017-12-26",
				"commit_time": "2017-12-26",
				"dissname": "猫咪散步时的自备乐：香港后摇",
				"imgurl": "http://localhost:8888/recommend/600_6.jpg",
				"introduction": "",
				"listennum": 116442,
				"score": 0,
				"version": 0,
				"creator": {
					"type": 0,
					"qq": 3248641960,
					"encrypt_uin": "oi-PNeCPoKEson**",
					"name": "MouYong LynLyn",
					"isVip": 0,
					"avatarUrl": "",
					"followflag": 0
				}
			}, 
			{
				"dissid": "3591175213",
				"createtime": "2017-12-28",
				"commit_time": "2017-12-28",
				"dissname": "致自己：学着努力强迫，余生光阴忘记你",
				"imgurl": "http://localhost:8888/recommend/600_7.jpg",
				"introduction": "",
				"listennum": 1480257,
				"score": 0,
				"version": 0,
				"creator": {
					"type": 2,
					"qq": 478695379,
					"encrypt_uin": "7eSF7wEkoiSq",
					"name": "DJ顾念晨",
					"isVip": 2,
					"avatarUrl": "",
					"followflag": 0
				}
			}
		]
	}
}