{
	"code": 0,
	"data": {
		"hotkey": [
			{
				"k": "体面 ",
				"n": 3681839
			}, {
				"k": "说散就散 ",
				"n": 1991823
			}, {
				"k": "前任3 ",
				"n": 859920
			}, {
				"k": "123我爱你 ",
				"n": 720450
			}, {
				"k": "圣诞夜 ",
				"n": 344534
			}, {
				"k": "GAI ",
				"n": 268787
			}, {
				"k": "红花会 ",
				"n": 199836
			}, {
				"k": "樱花树下的约定 ",
				"n": 134465
			}, {
				"k": "中国有嘻哈 ",
				"n": 131584
			}, {
				"k": "于文文 ",
				"n": 128571
			}, {
				"k": "范冰冰 ",
				"n": 100831
			}, {
				"k": "前任三 ",
				"n": 87110
			}, {
				"k": "故事与她 ",
				"n": 73622
			}, {
				"k": "分手应该体面 ",
				"n": 70291
			}, {
				"k": "HOLD ON ",
				"n": 66146
			}, {
				"k": "给你们 ",
				"n": 65253
			}, {
				"k": "MADU DAN RACUN ",
				"n": 61451
			}, {
				"k": "再见前任3 ",
				"n": 54711
			}, {
				"k": "圣诞节 ",
				"n": 53694
			}, {
				"k": "中二病 ",
				"n": 51293
			}, {
				"k": "雪 ",
				"n": 43244
			}, {
				"k": "NEVADA ",
				"n": 41509
			}, {
				"k": "好想大声说爱你 ",
				"n": 38669
			}, {
				"k": "宠爱吖 ",
				"n": 37674
			}, {
				"k": "故事与他 ",
				"n": 32643
			}, {
				"k": "以父之名 ",
				"n": 32415
			}, {
				"k": "HORIZON ",
				"n": 31650
			}, {
				"k": "MA BABY ",
				"n": 30836
			}, {
				"k": "新长征路上的摇滚 ",
				"n": 29254
			}, {
				"k": "说撒就散 ",
				"n": 28984
			}
		],
		"special_key": "梦想的声音第二季",
		"special_url": "https://y.qq.com/m/act/voiceofdreams2/v3/index.html"
	},
	"subcode": 0
}