{
	"code": 0,
	"data": {
		"keyword": "于文文 ",
		"priority": 0,
		"qc": [],
		"semantic": {
			"curnum": 0,
			"curpage": 1,
			"list": [],
			"totalnum": 0
		},
		"song": {
			"curnum": 20,
			"curpage": 1,
			"list": [
				{
					"albumid": 3827222,
					"albummid": "001qYTzY2oyDyZ",
					"albumname": "体面",
					"albumname_hilight": "体面",
					"alertid": 100002,
					"chinesesinger": 0,
					"docid": "17933128693184250195",
					"grp": [],
					"interval": 282,
					"isonly": 1,
					"lyric": "《前任3：再见前任》电影插曲",
					"lyric_hilight": "《前任3：再见前任》电影插曲",
					"msgid": 14,
					"nt": 657663272,
					"pay": {
						"payalbum": 0,
						"payalbumprice": 0,
						"paydownload": 1,
						"payinfo": 1,
						"payplay": 0,
						"paytrackmouth": 1,
						"paytrackprice": 200
					},
					"preview": {
						"trybegin": 89585,
						"tryend": 133483,
						"trysize": 703424
					},
					"pubtime": 1514131200,
					"pure": 0,
					"singer": [
						{
							"id": 67008,
							"mid": "000poF8D027tPr",
							"name": "于文文",
							"name_hilight": "<span class=\"c_tx_highlight\">于文文</span>"
						}
					],
					"size128": 4525434,
					"size320": 11313300,
					"sizeape": 27123893,
					"sizeflac": 27226341,
					"sizeogg": 6123014,
					"songid": 212606735,
					"songmid": "000Md1wq0vnwzE",
					"songname": "体面",
					"songname_hilight": "体面",
					"stream": 2,
					"switch": 636675,
					"t": 1,
					"tag": 10,
					"type": 0,
					"ver": 0,
					"vid": ""
				}, {
					"albumid": 1571903,
					"albummid": "004PzbLO4GerrO",
					"albumname": "幻城 电视剧原声带",
					"albumname_hilight": "幻城 电视剧原声带",
					"alertid": 100002,
					"chinesesinger": 0,
					"docid": "15337267631295537305",
					"grp": [],
					"interval": 208,
					"isonly": 0,
					"lyric": "《幻城》电视剧插曲|莲姬 角色歌曲",
					"lyric_hilight": "《幻城》电视剧插曲|莲姬 角色歌曲",
					"msgid": 14,
					"nt": 2274934750,
					"pay": {
						"payalbum": 0,
						"payalbumprice": 0,
						"paydownload": 1,
						"payinfo": 1,
						"payplay": 0,
						"paytrackmouth": 1,
						"paytrackprice": 200
					},
					"preview": {
						"trybegin": 0,
						"tryend": 0,
						"trysize": 0
					},
					"pubtime": 1472140800,
					"pure": 0,
					"singer": [
						{
							"id": 67008,
							"mid": "000poF8D027tPr",
							"name": "于文文",
							"name_hilight": "<span class=\"c_tx_highlight\">于文文</span>"
						}
					],
					"size128": 3330926,
					"size320": 8327002,
					"sizeape": 24277233,
					"sizeflac": 24395046,
					"sizeogg": 5151672,
					"songid": 108174053,
					"songmid": "001ZV0Ru14bjUm",
					"songname": "莲殇",
					"songname_hilight": "莲殇",
					"stream": 3,
					"switch": 636675,
					"t": 1,
					"tag": 10,
					"type": 0,
					"ver": 0,
					"vid": ""
				}, {
					"albumid": 1735089,
					"albummid": "002C4qL44RmrHd",
					"albumname": "第三季中国好歌曲导师大碟——羽泉组",
					"albumname_hilight": "第三季中国好歌曲导师大碟——羽泉组",
					"alertid": 100002,
					"chinesesinger": 0,
					"docid": "3745137325428668909",
					"grp": [],
					"interval": 199,
					"isonly": 1,
					"lyric": "",
					"lyric_hilight": "",
					"msgid": 14,
					"nt": 770117741,
					"pay": {
						"payalbum": 0,
						"payalbumprice": 0,
						"paydownload": 1,
						"payinfo": 1,
						"payplay": 0,
						"paytrackmouth": 1,
						"paytrackprice": 200
					},
					"preview": {
						"trybegin": 87722,
						"tryend": 120145,
						"trysize": 519940
					},
					"pubtime": 1480953600,
					"pure": 0,
					"singer": [
						{
							"id": 67008,
							"mid": "000poF8D027tPr",
							"name": "于文文",
							"name_hilight": "<span class=\"c_tx_highlight\">于文文</span>"
						}
					],
					"size128": 3186770,
					"size320": 7966552,
					"sizeape": 21632799,
					"sizeflac": 21698403,
					"sizeogg": 4450381,
					"songid": 109629068,
					"songmid": "003ewZxz22Ebls",
					"songname": "心跳",
					"songname_hilight": "心跳",
					"stream": 9,
					"switch": 636675,
					"t": 1,
					"tag": 10,
					"type": 0,
					"ver": 0,
					"vid": ""
				}, {
					"albumid": 530088,
					"albummid": "000Nt3OM2FkFjv",
					"albumname": "最美和声第二季 第7期",
					"albumname_hilight": "最美和声第二季 第7期",
					"alertid": 11,
					"chinesesinger": 0,
					"docid": "3569625462776479162",
					"format": "qqhq;common;mp3common;wmacommon;crcommon",
					"grp": [],
					"interval": 291,
					"isonly": 0,
					"lyric": "",
					"lyric_hilight": "",
					"msgid": 0,
					"nt": 3561938459,
					"pay": {
						"payalbum": 0,
						"payalbumprice": 0,
						"paydownload": 0,
						"payinfo": 0,
						"payplay": 0,
						"paytrackmouth": 0,
						"paytrackprice": 0
					},
					"preview": {
						"trybegin": 0,
						"tryend": 0,
						"trysize": 0
					},
					"pubtime": 1401465600,
					"pure": 0,
					"singer": [
						{
							"id": 67008,
							"mid": "000poF8D027tPr",
							"name": "于文文",
							"name_hilight": "<span class=\"c_tx_highlight\">于文文</span>"
						}, {
							"id": 185942,
							"mid": "003yaGYO0e4AU7",
							"name": "查查",
							"name_hilight": "查查"
						}, {
							"id": 101,
							"mid": "002cK0F12szD9T",
							"name": "陶喆",
							"name_hilight": "陶喆"
						}
					],
					"size128": 4671377,
					"size320": 11678045,
					"sizeape": 29485651,
					"sizeflac": 30159606,
					"sizeogg": 6500277,
					"songid": 5661752,
					"songmid": "002qYZyQ39DwFv",
					"songname": "我要我们在一起 (Live)",
					"songname_hilight": "我要我们在一起 (Live)",
					"songurl": "http://y.qq.com/#type=song&id=5661752",
					"stream": 8,
					"switch": 3221303,
					"t": 0,
					"tag": 12,
					"type": 0,
					"ver": 0,
					"vid": ""
				}, {
					"albumid": 1735089,
					"albummid": "002C4qL44RmrHd",
					"albumname": "第三季中国好歌曲导师大碟——羽泉组",
					"albumname_hilight": "第三季中国好歌曲导师大碟——羽泉组",
					"alertid": 100002,
					"chinesesinger": 0,
					"docid": "9965825915499970646",
					"grp": [],
					"interval": 201,
					"isonly": 1,
					"lyric": "",
					"lyric_hilight": "",
					"msgid": 14,
					"nt": 55910437,
					"pay": {
						"payalbum": 0,
						"payalbumprice": 0,
						"paydownload": 1,
						"payinfo": 1,
						"payplay": 0,
						"paytrackmouth": 1,
						"paytrackprice": 200
					},
					"preview": {
						"trybegin": 55389,
						"tryend": 81455,
						"trysize": 417958
					},
					"pubtime": 1480953600,
					"pure": 0,
					"singer": [
						{
							"id": 67008,
							"mid": "000poF8D027tPr",
							"name": "于文文",
							"name_hilight": "<span class=\"c_tx_highlight\">于文文</span>"
						}
					],
					"size128": 3217257,
					"size320": 8042805,
					"sizeape": 23512542,
					"sizeflac": 23664637,
					"sizeogg": 4516240,
					"songid": 109629063,
					"songmid": "0008mfnK2mJ7oY",
					"songname": "一夜成长",
					"songname_hilight": "一夜成长",
					"stream": 9,
					"switch": 636675,
					"t": 1,
					"tag": 10,
					"type": 0,
					"ver": 0,
					"vid": ""
				}, {
					"albumid": 8623,
					"albummid": "001ZaCQY2OxVMg",
					"albumname": "",
					"albumname_hilight": "",
					"alertid": 11,
					"chinesesinger": 0,
					"docid": "7126344366825747265",
					"format": "qqnormal;common;mp3common;wmacommon;crcommon",
					"grp": [],
					"interval": 211,
					"isonly": 0,
					"lyric": "",
					"lyric_hilight": "",
					"msgid": 0,
					"nt": 32189602,
					"pay": {
						"payalbum": 0,
						"payalbumprice": 0,
						"paydownload": 0,
						"payinfo": 0,
						"payplay": 0,
						"paytrackmouth": 0,
						"paytrackprice": 0
					},
					"preview": {
						"trybegin": 0,
						"tryend": 0,
						"trysize": 0
					},
					"pubtime": 949334400,
					"pure": 0,
					"singer": [
						{
							"id": 67008,
							"mid": "000poF8D027tPr",
							"name": "于文文",
							"name_hilight": "<span class=\"c_tx_highlight\">于文文</span>"
						}
					],
					"size128": 3386620,
					"size320": 0,
					"sizeape": 0,
					"sizeflac": 0,
					"sizeogg": 0,
					"songid": 1889517,
					"songmid": "002mmMll2UnSjf",
					"songname": "Trouble Is A Friend",
					"songname_hilight": "Trouble Is A Friend",
					"songurl": "http://y.qq.com/#type=song&id=1889517",
					"stream": 10,
					"switch": 1128215,
					"t": 0,
					"tag": 12,
					"type": 0,
					"ver": 0,
					"vid": ""
				}, {
					"albumid": 805625,
					"albummid": "002DFDpT28spdu",
					"albumname": "斗志",
					"albumname_hilight": "斗志",
					"alertid": 100002,
					"chinesesinger": 0,
					"docid": "2210141662401008165",
					"grp": [],
					"interval": 260,
					"isonly": 1,
					"lyric": "",
					"lyric_hilight": "",
					"msgid": 14,
					"nt": 1504623610,
					"pay": {
						"payalbum": 0,
						"payalbumprice": 0,
						"paydownload": 1,
						"payinfo": 1,
						"payplay": 0,
						"paytrackmouth": 1,
						"paytrackprice": 200
					},
					"preview": {
						"trybegin": 0,
						"tryend": 0,
						"trysize": 0
					},
					"pubtime": 1415289600,
					"pure": 0,
					"singer": [
						{
							"id": 67008,
							"mid": "000poF8D027tPr",
							"name": "于文文",
							"name_hilight": "<span class=\"c_tx_highlight\">于文文</span>"
						}
					],
					"size128": 4169336,
					"size320": 10423051,
					"sizeape": 0,
					"sizeflac": 0,
					"sizeogg": 5941674,
					"songid": 9480921,
					"songmid": "000ECwA32LS1gA",
					"songname": "分手那天",
					"songname_hilight": "分手那天",
					"stream": 5,
					"switch": 636675,
					"t": 1,
					"tag": 10,
					"type": 0,
					"ver": 0,
					"vid": ""
				}, {
					"albumid": 640465,
					"albummid": "001G3vdg3UIPgg",
					"albumname": "一又二分之一的夏天 电视剧原声带",
					"albumname_hilight": "一又二分之一的夏天 电视剧原声带",
					"alertid": 11,
					"chinesesinger": 0,
					"docid": "12765479293671725383",
					"format": "qqhq;common;mp3common;wmacommon;crcommon",
					"grp": [],
					"interval": 253,
					"isonly": 0,
					"lyric": "",
					"lyric_hilight": "",
					"msgid": 0,
					"nt": 4031244769,
					"pay": {
						"payalbum": 0,
						"payalbumprice": 0,
						"paydownload": 0,
						"payinfo": 0,
						"payplay": 0,
						"paytrackmouth": 0,
						"paytrackprice": 0
					},
					"preview": {
						"trybegin": 0,
						"tryend": 0,
						"trysize": 0
					},
					"pubtime": 1403452800,
					"pure": 0,
					"singer": [
						{
							"id": 67008,
							"mid": "000poF8D027tPr",
							"name": "于文文",
							"name_hilight": "<span class=\"c_tx_highlight\">于文文</span>"
						}
					],
					"size128": 4057403,
					"size320": 10141778,
					"sizeape": 0,
					"sizeflac": 0,
					"sizeogg": 4314917,
					"songid": 7027049,
					"songmid": "003WIwAA0QENxS",
					"songname": "I'll Always Be The Same For You",
					"songname_hilight": "I'll Always Be The Same For You",
					"songurl": "http://y.qq.com/#type=song&id=7027049",
					"stream": 5,
					"switch": 3225399,
					"t": 0,
					"tag": 10,
					"type": 0,
					"ver": 0,
					"vid": ""
				}, {
					"albumid": 496210,
					"albummid": "004gZCVJ07uSGs",
					"albumname": "最美和声第二季 第3期",
					"albumname_hilight": "最美和声第二季 第3期",
					"alertid": 11,
					"chinesesinger": 0,
					"docid": "12081733847688723382",
					"format": "qqhq;common;mp3common;wmacommon;crcommon",
					"grp": [],
					"interval": 217,
					"isonly": 0,
					"lyric": "",
					"lyric_hilight": "",
					"msgid": 0,
					"nt": 3800341103,
					"pay": {
						"payalbum": 0,
						"payalbumprice": 0,
						"paydownload": 0,
						"payinfo": 0,
						"payplay": 0,
						"paytrackmouth": 0,
						"paytrackprice": 0
					},
					"preview": {
						"trybegin": 0,
						"tryend": 0,
						"trysize": 0
					},
					"pubtime": 1399046400,
					"pure": 0,
					"singer": [
						{
							"id": 67008,
							"mid": "000poF8D027tPr",
							"name": "于文文",
							"name_hilight": "<span class=\"c_tx_highlight\">于文文</span>"
						}, {
							"id": 101,
							"mid": "002cK0F12szD9T",
							"name": "陶喆",
							"name_hilight": "陶喆"
						}
					],
					"size128": 3486455,
					"size320": 8715752,
					"sizeape": 18900733,
					"sizeflac": 19387673,
					"sizeogg": 4536307,
					"songid": 5460949,
					"songmid": "000tnuSF443dQK",
					"songname": "我真的受伤了 (Live)",
					"songname_hilight": "我真的受伤了 (Live)",
					"songurl": "http://y.qq.com/#type=song&id=5460949",
					"stream": 10,
					"switch": 3225399,
					"t": 0,
					"tag": 12,
					"type": 0,
					"ver": 0,
					"vid": ""
				}, {
					"albumid": 805625,
					"albummid": "002DFDpT28spdu",
					"albumname": "斗志",
					"albumname_hilight": "斗志",
					"alertid": 100002,
					"chinesesinger": 0,
					"docid": "2990565533853864415",
					"grp": [],
					"interval": 250,
					"isonly": 1,
					"lyric": "《如果我爱你》电视剧插曲",
					"lyric_hilight": "《如果我爱你》电视剧插曲",
					"msgid": 14,
					"nt": 1506321377,
					"pay": {
						"payalbum": 0,
						"payalbumprice": 0,
						"paydownload": 1,
						"payinfo": 1,
						"payplay": 0,
						"paytrackmouth": 1,
						"paytrackprice": 200
					},
					"preview": {
						"trybegin": 0,
						"tryend": 0,
						"trysize": 0
					},
					"pubtime": 1415289600,
					"pure": 0,
					"singer": [
						{
							"id": 67008,
							"mid": "000poF8D027tPr",
							"name": "于文文",
							"name_hilight": "<span class=\"c_tx_highlight\">于文文</span>"
						}
					],
					"size128": 4006750,
					"size320": 10016586,
					"sizeape": 0,
					"sizeflac": 0,
					"sizeogg": 5814713,
					"songid": 9480924,
					"songmid": "000Kxbb849cc9y",
					"songname": "爱我的人",
					"songname_hilight": "爱我的人",
					"stream": 5,
					"switch": 636675,
					"t": 1,
					"tag": 10,
					"type": 0,
					"ver": 0,
					"vid": ""
				}, {
					"albumid": 640465,
					"albummid": "001G3vdg3UIPgg",
					"albumname": "一又二分之一的夏天 电视剧原声带",
					"albumname_hilight": "一又二分之一的夏天 电视剧原声带",
					"alertid": 11,
					"chinesesinger": 0,
					"docid": "6833926952754835140",
					"format": "qqnormal;common;mp3common;wmacommon;crcommon",
					"grp": [],
					"interval": 152,
					"isonly": 0,
					"lyric": "《一又二分之一的夏天》电视剧插曲",
					"lyric_hilight": "《一又二分之一的夏天》电视剧插曲",
					"msgid": 0,
					"nt": 4154690695,
					"pay": {
						"payalbum": 0,
						"payalbumprice": 0,
						"paydownload": 0,
						"payinfo": 0,
						"payplay": 0,
						"paytrackmouth": 0,
						"paytrackprice": 0
					},
					"preview": {
						"trybegin": 0,
						"tryend": 0,
						"trysize": 0
					},
					"pubtime": 1403452800,
					"pure": 0,
					"singer": [
						{
							"id": 67008,
							"mid": "000poF8D027tPr",
							"name": "于文文",
							"name_hilight": "<span class=\"c_tx_highlight\">于文文</span>"
						}
					],
					"size128": 2441549,
					"size320": 0,
					"sizeape": 0,
					"sizeflac": 0,
					"sizeogg": 0,
					"songid": 7038818,
					"songmid": "001buGK33fzNrm",
					"songname": "Parisienne Walkways (TV Version)",
					"songname_hilight": "Parisienne Walkways (TV Version)",
					"songurl": "http://y.qq.com/#type=song&id=7038818",
					"stream": 5,
					"switch": 1124119,
					"t": 0,
					"tag": 10,
					"type": 0,
					"ver": 0,
					"vid": ""
				}, {
					"albumid": 805625,
					"albummid": "002DFDpT28spdu",
					"albumname": "斗志",
					"albumname_hilight": "斗志",
					"alertid": 100002,
					"chinesesinger": 0,
					"docid": "4592324864213192833",
					"grp": [],
					"interval": 265,
					"isonly": 1,
					"lyric": "",
					"lyric_hilight": "",
					"msgid": 14,
					"nt": 2757023785,
					"pay": {
						"payalbum": 0,
						"payalbumprice": 0,
						"paydownload": 1,
						"payinfo": 1,
						"payplay": 0,
						"paytrackmouth": 1,
						"paytrackprice": 200
					},
					"preview": {
						"trybegin": 0,
						"tryend": 0,
						"trysize": 0
					},
					"pubtime": 1415289600,
					"pure": 0,
					"singer": [
						{
							"id": 67008,
							"mid": "000poF8D027tPr",
							"name": "于文文",
							"name_hilight": "<span class=\"c_tx_highlight\">于文文</span>"
						}
					],
					"size128": 4241643,
					"size320": 10603818,
					"sizeape": 0,
					"sizeflac": 0,
					"sizeogg": 6605629,
					"songid": 9480920,
					"songmid": "004W9iDg0FNZGE",
					"songname": "为你而唱",
					"songname_hilight": "为你而唱",
					"stream": 5,
					"switch": 636675,
					"t": 1,
					"tag": 10,
					"type": 0,
					"ver": 0,
					"vid": ""
				}, {
					"albumid": 805625,
					"albummid": "002DFDpT28spdu",
					"albumname": "斗志",
					"albumname_hilight": "斗志",
					"alertid": 100002,
					"chinesesinger": 0,
					"docid": "11135435720433140722",
					"grp": [],
					"interval": 249,
					"isonly": 1,
					"lyric": "《双面情人》韩剧片尾曲|国际终止妇女受暴日公益活动主题曲",
					"lyric_hilight": "《双面情人》韩剧片尾曲|国际终止妇女受暴日公益活动主题曲",
					"msgid": 14,
					"nt": 3317581478,
					"pay": {
						"payalbum": 0,
						"payalbumprice": 0,
						"paydownload": 1,
						"payinfo": 1,
						"payplay": 0,
						"paytrackmouth": 1,
						"paytrackprice": 200
					},
					"preview": {
						"trybegin": 0,
						"tryend": 0,
						"trysize": 0
					},
					"pubtime": 1415289600,
					"pure": 0,
					"singer": [
						{
							"id": 67008,
							"mid": "000poF8D027tPr",
							"name": "于文文",
							"name_hilight": "<span class=\"c_tx_highlight\">于文文</span>"
						}
					],
					"size128": 3993378,
					"size320": 9983151,
					"sizeape": 0,
					"sizeflac": 0,
					"sizeogg": 5362778,
					"songid": 9480925,
					"songmid": "004CUTfx1MUeG3",
					"songname": "谢谢你爱我",
					"songname_hilight": "谢谢你爱我",
					"stream": 5,
					"switch": 636675,
					"t": 1,
					"tag": 10,
					"type": 0,
					"ver": 0,
					"vid": ""
				}, {
					"albumid": 1311733,
					"albummid": "002rtFVc0giBgD",
					"albumname": "写一夜心跳",
					"albumname_hilight": "写一夜心跳",
					"alertid": 11,
					"chinesesinger": 0,
					"docid": "3118379112026089574",
					"grp": [],
					"interval": 202,
					"isonly": 0,
					"lyric": "",
					"lyric_hilight": "",
					"msgid": 0,
					"nt": 4256749768,
					"pay": {
						"payalbum": 0,
						"payalbumprice": 0,
						"paydownload": 0,
						"payinfo": 0,
						"payplay": 0,
						"paytrackmouth": 0,
						"paytrackprice": 0
					},
					"preview": {
						"trybegin": 40045,
						"tryend": 63654,
						"trysize": 378670
					},
					"pubtime": 1460304000,
					"pure": 0,
					"singer": [
						{
							"id": 67008,
							"mid": "000poF8D027tPr",
							"name": "于文文",
							"name_hilight": "<span class=\"c_tx_highlight\">于文文</span>"
						}
					],
					"size128": 3243991,
					"size320": 8109663,
					"sizeape": 23038657,
					"sizeflac": 23090999,
					"sizeogg": 4454782,
					"songid": 105796286,
					"songmid": "003ymwS00jf1Ay",
					"songname": "我只想写一首好歌曲",
					"songname_hilight": "我只想写一首好歌曲",
					"stream": 3,
					"switch": 3749687,
					"t": 1,
					"tag": 10,
					"type": 0,
					"ver": 0,
					"vid": ""
				}, {
					"albumid": 198713,
					"albummid": "002DIILA3W4558",
					"albumname": "雨下吧",
					"albumname_hilight": "雨下吧",
					"alertid": 11,
					"chinesesinger": 0,
					"docid": "4736027910735814709",
					"format": "qqhq;common;mp3common;wmacommon;crcommon",
					"grp": [],
					"interval": 327,
					"isonly": 0,
					"lyric": "",
					"lyric_hilight": "",
					"msgid": 0,
					"nt": 57417896,
					"pay": {
						"payalbum": 0,
						"payalbumprice": 0,
						"paydownload": 0,
						"payinfo": 0,
						"payplay": 0,
						"paytrackmouth": 0,
						"paytrackprice": 0
					},
					"preview": {
						"trybegin": 0,
						"tryend": 0,
						"trysize": 0
					},
					"pubtime": 1353427200,
					"pure": 0,
					"singer": [
						{
							"id": 67008,
							"mid": "000poF8D027tPr",
							"name": "于文文",
							"name_hilight": "<span class=\"c_tx_highlight\">于文文</span>"
						}
					],
					"size128": 5243909,
					"size320": 13107575,
					"sizeape": 0,
					"sizeflac": 0,
					"sizeogg": 7924247,
					"songid": 2548034,
					"songmid": "001P3aWN2ZY0pR",
					"songname": "雨下吧",
					"songname_hilight": "雨下吧",
					"songurl": "http://y.qq.com/#type=song&id=2548034",
					"stream": 3,
					"switch": 3225399,
					"t": 0,
					"tag": 10,
					"type": 0,
					"ver": 0,
					"vid": ""
				}, {
					"albumid": 8623,
					"albummid": "001ZaCQY2OxVMg",
					"albumname": "",
					"albumname_hilight": "",
					"alertid": 11,
					"chinesesinger": 0,
					"docid": "3161887015995483912",
					"format": "qqnormal;common;mp3common;wmacommon;crcommon",
					"grp": [],
					"interval": 254,
					"isonly": 0,
					"lyric": "",
					"lyric_hilight": "",
					"msgid": 0,
					"nt": 884823311,
					"pay": {
						"payalbum": 0,
						"payalbumprice": 0,
						"paydownload": 0,
						"payinfo": 0,
						"payplay": 0,
						"paytrackmouth": 0,
						"paytrackprice": 0
					},
					"preview": {
						"trybegin": 0,
						"tryend": 0,
						"trysize": 0
					},
					"pubtime": 949334400,
					"pure": 0,
					"singer": [
						{
							"id": 67008,
							"mid": "000poF8D027tPr",
							"name": "于文文",
							"name_hilight": "<span class=\"c_tx_highlight\">于文文</span>"
						}
					],
					"size128": 4074999,
					"size320": 0,
					"sizeape": 0,
					"sizeflac": 0,
					"sizeogg": 0,
					"songid": 1806461,
					"songmid": "002kThPV0XiP0x",
					"songname": "雨下一整晚",
					"songname_hilight": "雨下一整晚",
					"songurl": "http://y.qq.com/#type=song&id=1806461",
					"stream": 10,
					"switch": 1128215,
					"t": 0,
					"tag": 10,
					"type": 0,
					"ver": 0,
					"vid": ""
				}, {
					"albumid": 992353,
					"albummid": "0035I9vJ3jwIO2",
					"albumname": "Want You Back",
					"albumname_hilight": "Want You Back",
					"alertid": 2,
					"chinesesinger": 0,
					"docid": "13313978098073787458",
					"grp": [],
					"interval": 322,
					"isonly": 1,
					"lyric": "",
					"lyric_hilight": "",
					"msgid": 14,
					"nt": 4036173793,
					"pay": {
						"payalbum": 0,
						"payalbumprice": 0,
						"paydownload": 1,
						"payinfo": 1,
						"payplay": 0,
						"paytrackmouth": 1,
						"paytrackprice": 200
					},
					"preview": {
						"trybegin": 0,
						"tryend": 0,
						"trysize": 0
					},
					"pubtime": 1413993600,
					"pure": 0,
					"singer": [
						{
							"id": 67008,
							"mid": "000poF8D027tPr",
							"name": "于文文",
							"name_hilight": "<span class=\"c_tx_highlight\">于文文</span>"
						}
					],
					"size128": 5162865,
					"size320": 12906813,
					"sizeape": 0,
					"sizeflac": 0,
					"sizeogg": 7718114,
					"songid": 102446392,
					"songmid": "000e6mCT08HqYa",
					"songname": "Want You Back",
					"songname_hilight": "Want You Back",
					"stream": 3,
					"switch": 636675,
					"t": 1,
					"tag": 10,
					"type": 0,
					"ver": 0,
					"vid": ""
				}, {
					"albumid": 805625,
					"albummid": "002DFDpT28spdu",
					"albumname": "斗志",
					"albumname_hilight": "斗志",
					"alertid": 100002,
					"chinesesinger": 0,
					"docid": "12775316318120304086",
					"grp": [],
					"interval": 257,
					"isonly": 1,
					"lyric": "《一又二分之一的夏天》电视剧插曲",
					"lyric_hilight": "《一又二分之一的夏天》电视剧插曲",
					"msgid": 14,
					"nt": 3848051820,
					"pay": {
						"payalbum": 0,
						"payalbumprice": 0,
						"paydownload": 1,
						"payinfo": 1,
						"payplay": 0,
						"paytrackmouth": 1,
						"paytrackprice": 200
					},
					"preview": {
						"trybegin": 0,
						"tryend": 0,
						"trysize": 0
					},
					"pubtime": 1415289600,
					"pure": 0,
					"singer": [
						{
							"id": 67008,
							"mid": "000poF8D027tPr",
							"name": "于文文",
							"name_hilight": "<span class=\"c_tx_highlight\">于文文</span>"
						}
					],
					"size128": 4120897,
					"size320": 10301887,
					"sizeape": 0,
					"sizeflac": 0,
					"sizeogg": 5115431,
					"songid": 9480922,
					"songmid": "001xfmSE0alSSP",
					"songname": "Always Be The Same For You",
					"songname_hilight": "Always Be The Same For You",
					"stream": 5,
					"switch": 636675,
					"t": 1,
					"tag": 10,
					"type": 0,
					"ver": 0,
					"vid": ""
				}, {
					"albumid": 8623,
					"albummid": "001ZaCQY2OxVMg",
					"albumname": "",
					"albumname_hilight": "",
					"alertid": 11,
					"chinesesinger": 0,
					"docid": "1643953680901578927",
					"format": "qqnormal;common;mp3common;wmacommon;crcommon",
					"grp": [],
					"interval": 200,
					"isonly": 0,
					"lyric": "",
					"lyric_hilight": "",
					"msgid": 0,
					"nt": 3583072179,
					"pay": {
						"payalbum": 0,
						"payalbumprice": 0,
						"paydownload": 0,
						"payinfo": 0,
						"payplay": 0,
						"paytrackmouth": 0,
						"paytrackprice": 0
					},
					"preview": {
						"trybegin": 0,
						"tryend": 0,
						"trysize": 0
					},
					"pubtime": 949334400,
					"pure": 0,
					"singer": [
						{
							"id": 67008,
							"mid": "000poF8D027tPr",
							"name": "于文文",
							"name_hilight": "<span class=\"c_tx_highlight\">于文文</span>"
						}
					],
					"size128": 3204707,
					"size320": 0,
					"sizeape": 0,
					"sizeflac": 0,
					"sizeogg": 0,
					"songid": 107158283,
					"songmid": "002ZNrey0uTtGA",
					"songname": "红色高跟鞋 (Live)",
					"songname_hilight": "红色高跟鞋 (Live)",
					"songurl": "http://y.qq.com/#type=song&id=107158283",
					"stream": 3,
					"switch": 1124119,
					"t": 0,
					"tag": 12,
					"type": 0,
					"ver": 0,
					"vid": ""
				}, {
					"albumid": 805625,
					"albummid": "002DFDpT28spdu",
					"albumname": "斗志",
					"albumname_hilight": "斗志",
					"alertid": 100002,
					"chinesesinger": 0,
					"docid": "17842136605403704979",
					"grp": [],
					"interval": 268,
					"isonly": 1,
					"lyric": "",
					"lyric_hilight": "",
					"msgid": 14,
					"nt": 1221801344,
					"pay": {
						"payalbum": 0,
						"payalbumprice": 0,
						"paydownload": 1,
						"payinfo": 1,
						"payplay": 0,
						"paytrackmouth": 1,
						"paytrackprice": 200
					},
					"preview": {
						"trybegin": 0,
						"tryend": 0,
						"trysize": 0
					},
					"pubtime": 1415289600,
					"pure": 0,
					"singer": [
						{
							"id": 67008,
							"mid": "000poF8D027tPr",
							"name": "于文文",
							"name_hilight": "<span class=\"c_tx_highlight\">于文文</span>"
						}
					],
					"size128": 4299736,
					"size320": 10749055,
					"sizeape": 0,
					"sizeflac": 0,
					"sizeogg": 6314629,
					"songid": 9480919,
					"songmid": "002CFthI1Keiel",
					"songname": "斗志",
					"songname_hilight": "斗志",
					"stream": 5,
					"switch": 636675,
					"t": 1,
					"tag": 10,
					"type": 0,
					"ver": 0,
					"vid": ""
				}
			],
			"totalnum": 38
		},
		"totaltime": 0,
		"zhida": {
			"albumnum": 5,
			"singerid": 67008,
			"singermid": "000poF8D027tPr",
			"singername": "于文文",
			"songnum": 32,
			"type": 2
		}
	},
	"message": "",
	"notice": "",
	"subcode": 0,
	"time": 1515418400,
	"tips": ""
}