{
	"code": 0,
	"data": {
		"keyword": "周杰伦 ",
		"priority": 0,
		"qc": [],
		"semantic": {
			"curnum": 0,
			"curpage": 2,
			"list": [],
			"totalnum": 0
		},
		"song": {
			"curnum": 20,
			"curpage": 2,
			"list": [
				{
					"albumid": 852856,
					"albummid": "001uqejs3d6EID",
					"albumname": "哎呦，不错哦",
					"albumname_hilight": "哎呦，不错哦",
					"alertid": 2,
					"chinesesinger": 0,
					"docid": "6407997045025869257",
					"grp": [],
					"interval": 232,
					"isonly": 1,
					"lyric": "",
					"lyric_hilight": "",
					"msgid": 14,
					"nt": 375360325,
					"pay": {
						"payalbum": 1,
						"payalbumprice": 2000,
						"paydownload": 1,
						"payinfo": 1,
						"payplay": 0,
						"paytrackmouth": 1,
						"paytrackprice": 200
					},
					"preview": {
						"trybegin": 78480,
						"tryend": 104889,
						"trysize": 423391
					},
					"pubtime": 1419523200,
					"pure": 0,
					"singer": [
						{
							"id": 4558,
							"mid": "0025NhlN2yWrP4",
							"name": "周杰伦",
							"name_hilight": "<span class=\"c_tx_highlight\">周杰伦</span>"
						}, {
							"id": 20424,
							"mid": "001lH4Rz0rnWGE",
							"name": "袁咏琳",
							"name_hilight": "袁咏琳"
						}
					],
					"size128": 3714603,
					"size320": 9285771,
					"sizeape": 29420850,
					"sizeflac": 29591324,
					"sizeogg": 5444005,
					"songid": 101787867,
					"songmid": "001zqHER0WFQvO",
					"songname": "怎么了",
					"songname_hilight": "怎么了",
					"stream": 6,
					"switch": 636675,
					"t": 1,
					"tag": 10,
					"type": 0,
					"ver": 0,
					"vid": ""
				}, {
					"albumid": 852856,
					"albummid": "001uqejs3d6EID",
					"albumname": "哎呦，不错哦",
					"albumname_hilight": "哎呦，不错哦",
					"alertid": 2,
					"chinesesinger": 0,
					"docid": "8233968850437613764",
					"grp": [],
					"interval": 219,
					"isonly": 1,
					"lyric": "",
					"lyric_hilight": "",
					"msgid": 14,
					"nt": 1140687551,
					"pay": {
						"payalbum": 1,
						"payalbumprice": 2000,
						"paydownload": 1,
						"payinfo": 1,
						"payplay": 0,
						"paytrackmouth": 1,
						"paytrackprice": 200
					},
					"preview": {
						"trybegin": 53906,
						"tryend": 82513,
						"trysize": 458918
					},
					"pubtime": 1419523200,
					"pure": 0,
					"singer": [
						{
							"id": 4558,
							"mid": "0025NhlN2yWrP4",
							"name": "周杰伦",
							"name_hilight": "<span class=\"c_tx_highlight\">周杰伦</span>"
						}
					],
					"size128": 3513147,
					"size320": 8782567,
					"sizeape": 25884402,
					"sizeflac": 25973000,
					"sizeogg": 5331346,
					"songid": 101787872,
					"songmid": "001XPgTm3faHRb",
					"songname": "美人鱼",
					"songname_hilight": "美人鱼",
					"stream": 6,
					"switch": 636675,
					"t": 1,
					"tag": 0,
					"type": 0,
					"ver": 0,
					"vid": ""
				}, {
					"albumid": 14316,
					"albummid": "000ibLEm3rEG2S",
					"albumname": "Initial J (日本版)",
					"albumname_hilight": "Initial J (日本版)",
					"alertid": 2,
					"chinesesinger": 0,
					"docid": "17677218540947323477",
					"grp": [],
					"interval": 315,
					"isonly": 1,
					"lyric": "",
					"lyric_hilight": "",
					"msgid": 14,
					"nt": 1084869778,
					"pay": {
						"payalbum": 0,
						"payalbumprice": 0,
						"paydownload": 1,
						"payinfo": 1,
						"payplay": 0,
						"paytrackmouth": 1,
						"paytrackprice": 200
					},
					"preview": {
						"trybegin": 0,
						"tryend": 0,
						"trysize": 0
					},
					"pubtime": 1125417600,
					"pure": 0,
					"singer": [
						{
							"id": 4558,
							"mid": "0025NhlN2yWrP4",
							"name": "周杰伦",
							"name_hilight": "<span class=\"c_tx_highlight\">周杰伦</span>"
						}
					],
					"size128": 5041388,
					"size320": 12619748,
					"sizeape": 32711227,
					"sizeflac": 33760111,
					"sizeogg": 6974922,
					"songid": 162356,
					"songmid": "001BQqY01jOZ9n",
					"songname": "东风破",
					"songname_hilight": "东风破",
					"stream": 1,
					"switch": 636675,
					"t": 1,
					"tag": 10,
					"type": 0,
					"ver": 0,
					"vid": ""
				}, {
					"albumid": 1458791,
					"albummid": "003RMaRI1iFoYd",
					"albumname": "周杰伦的床边故事",
					"albumname_hilight": "<span class=\"c_tx_highlight\">周杰伦</span>的床边故事",
					"alertid": 100002,
					"chinesesinger": 0,
					"docid": "8673261549005380138",
					"grp": [],
					"interval": 226,
					"isonly": 0,
					"lyric": "",
					"lyric_hilight": "",
					"msgid": 14,
					"nt": 236448765,
					"pay": {
						"payalbum": 1,
						"payalbumprice": 2000,
						"paydownload": 1,
						"payinfo": 1,
						"payplay": 0,
						"paytrackmouth": 1,
						"paytrackprice": 200
					},
					"preview": {
						"trybegin": 57890,
						"tryend": 76722,
						"trysize": 302183
					},
					"pubtime": 1466697600,
					"pure": 0,
					"singer": [
						{
							"id": 4558,
							"mid": "0025NhlN2yWrP4",
							"name": "周杰伦",
							"name_hilight": "<span class=\"c_tx_highlight\">周杰伦</span>"
						}
					],
					"size128": 3620568,
					"size320": 9051006,
					"sizeape": 27544371,
					"sizeflac": 27623859,
					"sizeogg": 5402863,
					"songid": 107192071,
					"songmid": "002MVjb31ZNK5m",
					"songname": "床边故事",
					"songname_hilight": "床边故事",
					"stream": 1,
					"switch": 636675,
					"t": 1,
					"tag": 0,
					"type": 0,
					"ver": 0,
					"vid": ""
				}, {
					"albumid": 1458791,
					"albummid": "003RMaRI1iFoYd",
					"albumname": "周杰伦的床边故事",
					"albumname_hilight": "<span class=\"c_tx_highlight\">周杰伦</span>的床边故事",
					"alertid": 100002,
					"chinesesinger": 0,
					"docid": "17106283237875935169",
					"grp": [],
					"interval": 221,
					"isonly": 0,
					"lyric": "",
					"lyric_hilight": "",
					"msgid": 14,
					"nt": 683358055,
					"pay": {
						"payalbum": 1,
						"payalbumprice": 2000,
						"paydownload": 1,
						"payinfo": 1,
						"payplay": 0,
						"paytrackmouth": 1,
						"paytrackprice": 200
					},
					"preview": {
						"trybegin": 74867,
						"tryend": 102655,
						"trysize": 445543
					},
					"pubtime": 1466697600,
					"pure": 0,
					"singer": [
						{
							"id": 4558,
							"mid": "0025NhlN2yWrP4",
							"name": "周杰伦",
							"name_hilight": "<span class=\"c_tx_highlight\">周杰伦</span>"
						}
					],
					"size128": 3541572,
					"size320": 8853343,
					"sizeape": 22448984,
					"sizeflac": 22459478,
					"sizeogg": 4843771,
					"songid": 107192073,
					"songmid": "002lW4Yl3ylM02",
					"songname": "一点点",
					"songname_hilight": "一点点",
					"stream": 1,
					"switch": 636675,
					"t": 1,
					"tag": 0,
					"type": 0,
					"ver": 0,
					"vid": ""
				}, {
					"albumid": 852856,
					"albummid": "001uqejs3d6EID",
					"albumname": "哎呦，不错哦",
					"albumname_hilight": "哎呦，不错哦",
					"alertid": 2,
					"chinesesinger": 0,
					"docid": "17424213396686826850",
					"grp": [],
					"interval": 219,
					"isonly": 1,
					"lyric": "",
					"lyric_hilight": "",
					"msgid": 14,
					"nt": 2159205967,
					"pay": {
						"payalbum": 1,
						"payalbumprice": 2000,
						"paydownload": 1,
						"payinfo": 1,
						"payplay": 0,
						"paytrackmouth": 1,
						"paytrackprice": 200
					},
					"preview": {
						"trybegin": 54217,
						"tryend": 78484,
						"trysize": 389119
					},
					"pubtime": 1419523200,
					"pure": 0,
					"singer": [
						{
							"id": 4558,
							"mid": "0025NhlN2yWrP4",
							"name": "周杰伦",
							"name_hilight": "<span class=\"c_tx_highlight\">周杰伦</span>"
						}, {
							"id": 13886,
							"mid": "002Z462D2amcz9",
							"name": "杨瑞代",
							"name_hilight": "杨瑞代"
						}
					],
					"size128": 3517746,
					"size320": 8794063,
					"sizeape": 28838917,
					"sizeflac": 29076302,
					"sizeogg": 5401121,
					"songid": 101787869,
					"songmid": "0007w9Eb0lilhZ",
					"songname": "我要夏天",
					"songname_hilight": "我要夏天",
					"stream": 6,
					"switch": 636675,
					"t": 1,
					"tag": 0,
					"type": 0,
					"ver": 0,
					"vid": ""
				}, {
					"albumid": 1267905,
					"albummid": "000dx4tc1TEbsi",
					"albumname": "Kung Fu Panda 3 (Music From the Motion Picture)",
					"albumname_hilight": "Kung Fu Panda 3 (Music From the Motion Picture)",
					"alertid": 2,
					"chinesesinger": 0,
					"docid": "14909695085360307056",
					"grp": [],
					"interval": 240,
					"isonly": 1,
					"lyric": "《功夫熊猫3》电影全球主题曲",
					"lyric_hilight": "《功夫熊猫3》电影全球主题曲",
					"msgid": 14,
					"nt": 2224540947,
					"pay": {
						"payalbum": 0,
						"payalbumprice": 0,
						"paydownload": 1,
						"payinfo": 1,
						"payplay": 0,
						"paytrackmouth": 1,
						"paytrackprice": 200
					},
					"preview": {
						"trybegin": 53435,
						"tryend": 92286,
						"trysize": 622758
					},
					"pubtime": 1453392000,
					"pure": 0,
					"singer": [
						{
							"id": 1043869,
							"mid": "000kZUyu0aPr9t",
							"name": "派伟俊",
							"name_hilight": "派伟俊"
						}, {
							"id": 4558,
							"mid": "0025NhlN2yWrP4",
							"name": "周杰伦",
							"name_hilight": "<span class=\"c_tx_highlight\">周杰伦</span>"
						}
					],
					"size128": 3846254,
					"size320": 9615345,
					"sizeape": 31028079,
					"sizeflac": 31165076,
					"sizeogg": 5750218,
					"songid": 105464079,
					"songmid": "0021WFrW3YdnNW",
					"songname": "Try",
					"songname_hilight": "Try",
					"stream": 5,
					"switch": 636675,
					"t": 1,
					"tag": 10,
					"type": 0,
					"ver": 0,
					"vid": ""
				}, {
					"albumid": 1458791,
					"albummid": "003RMaRI1iFoYd",
					"albumname": "周杰伦的床边故事",
					"albumname_hilight": "<span class=\"c_tx_highlight\">周杰伦</span>的床边故事",
					"alertid": 100002,
					"chinesesinger": 0,
					"docid": "4666335485400880903",
					"grp": [],
					"interval": 266,
					"isonly": 0,
					"lyric": "",
					"lyric_hilight": "",
					"msgid": 14,
					"nt": 2738198809,
					"pay": {
						"payalbum": 1,
						"payalbumprice": 2000,
						"paydownload": 1,
						"payinfo": 1,
						"payplay": 0,
						"paytrackmouth": 1,
						"paytrackprice": 200
					},
					"preview": {
						"trybegin": 68807,
						"tryend": 98775,
						"trysize": 480652
					},
					"pubtime": 1466697600,
					"pure": 0,
					"singer": [
						{
							"id": 4558,
							"mid": "0025NhlN2yWrP4",
							"name": "周杰伦",
							"name_hilight": "<span class=\"c_tx_highlight\">周杰伦</span>"
						}
					],
					"size128": 4257051,
					"size320": 10642491,
					"sizeape": 34378471,
					"sizeflac": 34460854,
					"sizeogg": 6600758,
					"songid": 107192072,
					"songmid": "003J6p942xp6ho",
					"songname": "说走就走",
					"songname_hilight": "说走就走",
					"stream": 1,
					"switch": 636675,
					"t": 1,
					"tag": 0,
					"type": 0,
					"ver": 0,
					"vid": ""
				}, {
					"albumid": 429940,
					"albummid": "003qAfYs23FLya",
					"albumname": "天台 电影原声带",
					"albumname_hilight": "天台 电影原声带",
					"alertid": 2,
					"chinesesinger": 0,
					"docid": "8998517226362017063",
					"grp": [],
					"interval": 280,
					"isonly": 1,
					"lyric": "",
					"lyric_hilight": "",
					"msgid": 14,
					"nt": 1232619426,
					"pay": {
						"payalbum": 0,
						"payalbumprice": 0,
						"paydownload": 1,
						"payinfo": 1,
						"payplay": 0,
						"paytrackmouth": 1,
						"paytrackprice": 200
					},
					"preview": {
						"trybegin": 0,
						"tryend": 0,
						"trysize": 0
					},
					"pubtime": 1373212800,
					"pure": 0,
					"singer": [
						{
							"id": 4558,
							"mid": "0025NhlN2yWrP4",
							"name": "周杰伦",
							"name_hilight": "<span class=\"c_tx_highlight\">周杰伦</span>"
						}
					],
					"size128": 4483238,
					"size320": 11207783,
					"sizeape": 31394436,
					"sizeflac": 31485440,
					"sizeogg": 6147109,
					"songid": 4962644,
					"songmid": "003bWTGn3FsAzt",
					"songname": "哪里都是你",
					"songname_hilight": "哪里都是你",
					"stream": 10,
					"switch": 636675,
					"t": 1,
					"tag": 10,
					"type": 0,
					"ver": 0,
					"vid": ""
				}, {
					"albumid": 36062,
					"albummid": "002Neh8l0uciQZ",
					"albumname": "魔杰座",
					"albumname_hilight": "魔杰座",
					"alertid": 2,
					"chinesesinger": 0,
					"docid": "10467594943179468909",
					"grp": [],
					"interval": 311,
					"isonly": 1,
					"lyric": "《2008ELLE 风尚大典》主题曲",
					"lyric_hilight": "《2008ELLE 风尚大典》主题曲",
					"msgid": 14,
					"nt": 833503022,
					"pay": {
						"payalbum": 0,
						"payalbumprice": 0,
						"paydownload": 1,
						"payinfo": 1,
						"payplay": 0,
						"paytrackmouth": 1,
						"paytrackprice": 200
					},
					"preview": {
						"trybegin": 87994,
						"tryend": 127000,
						"trysize": 625266
					},
					"pubtime": 1224000000,
					"pure": 0,
					"singer": [
						{
							"id": 4558,
							"mid": "0025NhlN2yWrP4",
							"name": "周杰伦",
							"name_hilight": "<span class=\"c_tx_highlight\">周杰伦</span>"
						}
					],
					"size128": 4997163,
					"size320": 12469009,
					"sizeape": 37432791,
					"sizeflac": 38425250,
					"sizeogg": 7607100,
					"songid": 449203,
					"songmid": "000sRQrz0aEDFp",
					"songname": "时光机",
					"songname_hilight": "时光机",
					"stream": 9,
					"switch": 636675,
					"t": 1,
					"tag": 10,
					"type": 0,
					"ver": 0,
					"vid": ""
				}, {
					"albumid": 423011,
					"albummid": "002GJDhP0ZluDv",
					"albumname": "K情歌10",
					"albumname_hilight": "K情歌10",
					"alertid": 2,
					"chinesesinger": 0,
					"docid": "10330250472823108155",
					"grp": [],
					"interval": 271,
					"isonly": 1,
					"lyric": "",
					"lyric_hilight": "",
					"msgid": 14,
					"nt": 1009297125,
					"pay": {
						"payalbum": 0,
						"payalbumprice": 0,
						"paydownload": 1,
						"payinfo": 1,
						"payplay": 0,
						"paytrackmouth": 1,
						"paytrackprice": 200
					},
					"preview": {
						"trybegin": 0,
						"tryend": 0,
						"trysize": 0
					},
					"pubtime": 1361462400,
					"pure": 0,
					"singer": [
						{
							"id": 4558,
							"mid": "0025NhlN2yWrP4",
							"name": "周杰伦",
							"name_hilight": "<span class=\"c_tx_highlight\">周杰伦</span>"
						}
					],
					"size128": 4337778,
					"size320": 10841812,
					"sizeape": 32309592,
					"sizeflac": 32391903,
					"sizeogg": 6511196,
					"songid": 4758512,
					"songmid": "000qeAhg2Lj8sH",
					"songname": "简单爱",
					"songname_hilight": "简单爱",
					"stream": 1,
					"switch": 636675,
					"t": 1,
					"tag": 10,
					"type": 0,
					"ver": 0,
					"vid": ""
				}, {
					"albumid": 1458791,
					"albummid": "003RMaRI1iFoYd",
					"albumname": "周杰伦的床边故事",
					"albumname_hilight": "<span class=\"c_tx_highlight\">周杰伦</span>的床边故事",
					"alertid": 100002,
					"chinesesinger": 0,
					"docid": "15502711197691251118",
					"grp": [],
					"interval": 200,
					"isonly": 0,
					"lyric": "",
					"lyric_hilight": "",
					"msgid": 14,
					"nt": 1887913766,
					"pay": {
						"payalbum": 1,
						"payalbumprice": 2000,
						"paydownload": 1,
						"payinfo": 1,
						"payplay": 0,
						"paytrackmouth": 1,
						"paytrackprice": 200
					},
					"preview": {
						"trybegin": 43640,
						"tryend": 70423,
						"trysize": 429661
					},
					"pubtime": 1466697600,
					"pure": 0,
					"singer": [
						{
							"id": 4558,
							"mid": "0025NhlN2yWrP4",
							"name": "周杰伦",
							"name_hilight": "<span class=\"c_tx_highlight\">周杰伦</span>"
						}
					],
					"size128": 3212640,
					"size320": 8030862,
					"sizeape": 21855075,
					"sizeflac": 22006651,
					"sizeogg": 4558047,
					"songid": 107192074,
					"songmid": "000cFsFl1o17jp",
					"songname": "前世情人",
					"songname_hilight": "前世情人",
					"stream": 1,
					"switch": 636675,
					"t": 1,
					"tag": 0,
					"type": 0,
					"ver": 0,
					"vid": ""
				}, {
					"albumid": 852856,
					"albummid": "001uqejs3d6EID",
					"albumname": "哎呦，不错哦",
					"albumname_hilight": "哎呦，不错哦",
					"alertid": 2,
					"chinesesinger": 0,
					"docid": "6223021843258318052",
					"grp": [],
					"interval": 152,
					"isonly": 1,
					"lyric": "",
					"lyric_hilight": "",
					"msgid": 14,
					"nt": 1880097797,
					"pay": {
						"payalbum": 1,
						"payalbumprice": 2000,
						"paydownload": 1,
						"payinfo": 1,
						"payplay": 0,
						"paytrackmouth": 1,
						"paytrackprice": 200
					},
					"preview": {
						"trybegin": 34468,
						"tryend": 51428,
						"trysize": 272508
					},
					"pubtime": 1419523200,
					"pure": 0,
					"singer": [
						{
							"id": 4558,
							"mid": "0025NhlN2yWrP4",
							"name": "周杰伦",
							"name_hilight": "<span class=\"c_tx_highlight\">周杰伦</span>"
						}
					],
					"size128": 2437738,
					"size320": 6094045,
					"sizeape": 20194454,
					"sizeflac": 20279873,
					"sizeogg": 3935264,
					"songid": 101787864,
					"songmid": "003b6hhl3jOPyV",
					"songname": "阳明山",
					"songname_hilight": "阳明山",
					"stream": 6,
					"switch": 636675,
					"t": 1,
					"tag": 10,
					"type": 0,
					"ver": 0,
					"vid": ""
				}, {
					"albumid": 1516097,
					"albummid": "000ms7UT0LuaXQ",
					"albumname": "中国新歌声 第1期",
					"albumname_hilight": "中国新歌声 第1期",
					"alertid": 100002,
					"chinesesinger": 0,
					"docid": "5986881522565223765",
					"grp": [],
					"interval": 680,
					"isonly": 1,
					"lyric": "导师开场歌",
					"lyric_hilight": "导师开场歌",
					"msgid": 14,
					"nt": 684643577,
					"pay": {
						"payalbum": 0,
						"payalbumprice": 0,
						"paydownload": 1,
						"payinfo": 1,
						"payplay": 0,
						"paytrackmouth": 1,
						"paytrackprice": 200
					},
					"preview": {
						"trybegin": 91392,
						"tryend": 145455,
						"trysize": 866010
					},
					"pubtime": 1468512000,
					"pure": 0,
					"singer": [
						{
							"id": 137,
							"mid": "003LCFXH0eodXv",
							"name": "那英",
							"name_hilight": "那英"
						}, {
							"id": 4604,
							"mid": "001adLDR1SS40P",
							"name": "汪峰",
							"name_hilight": "汪峰"
						}, {
							"id": 269,
							"mid": "001G1w4p3Dk92Q",
							"name": "庾澄庆",
							"name_hilight": "庾澄庆"
						}, {
							"id": 4558,
							"mid": "0025NhlN2yWrP4",
							"name": "周杰伦",
							"name_hilight": "<span class=\"c_tx_highlight\">周杰伦</span>"
						}
					],
					"size128": 10890180,
					"size320": 27225070,
					"sizeape": 78688951,
					"sizeflac": 79151897,
					"sizeogg": 14745351,
					"songid": 107673563,
					"songmid": "003hp2Ap3r4jld",
					"songname": "只有为你 + 安静 + 不管有多苦 + 满 + 我要夏天 (Live)",
					"songname_hilight": "只有为你 + 安静 + 不管有多苦 + 满 + 我要夏天 (Live)",
					"stream": 7,
					"switch": 636675,
					"t": 1,
					"tag": 10,
					"type": 0,
					"ver": 0,
					"vid": ""
				}, {
					"albumid": 929853,
					"albummid": "002xOmp62kqSic",
					"albumname": "2015江苏卫视新年演唱会",
					"albumname_hilight": "2015江苏卫视新年演唱会",
					"alertid": 11,
					"chinesesinger": 0,
					"docid": "5938912954275264049",
					"grp": [],
					"interval": 238,
					"isonly": 0,
					"lyric": "",
					"lyric_hilight": "",
					"msgid": 0,
					"nt": 2502605349,
					"pay": {
						"payalbum": 0,
						"payalbumprice": 0,
						"paydownload": 0,
						"payinfo": 0,
						"payplay": 0,
						"paytrackmouth": 0,
						"paytrackprice": 0
					},
					"preview": {
						"trybegin": 64098,
						"tryend": 95098,
						"trysize": 496952
					},
					"pubtime": 1420041600,
					"pure": 0,
					"singer": [
						{
							"id": 143,
							"mid": "003Nz2So3XXYek",
							"name": "陈奕迅",
							"name_hilight": "陈奕迅"
						}, {
							"id": 4558,
							"mid": "0025NhlN2yWrP4",
							"name": "周杰伦",
							"name_hilight": "<span class=\"c_tx_highlight\">周杰伦</span>"
						}
					],
					"size128": 3822450,
					"size320": 0,
					"sizeape": 0,
					"sizeflac": 0,
					"sizeogg": 0,
					"songid": 101803869,
					"songmid": "0041I9Je0uU7Zy",
					"songname": "淘汰 (Live)",
					"songname_hilight": "淘汰 (Live)",
					"stream": 3,
					"switch": 1648407,
					"t": 1,
					"tag": 10,
					"type": 0,
					"ver": 0,
					"vid": ""
				}, {
					"albumid": 14323,
					"albummid": "0032ezFm3F53yO",
					"albumname": "周杰伦 2004 无与伦比 演唱会 Live CD",
					"albumname_hilight": "<span class=\"c_tx_highlight\">周杰伦</span> 2004 无与伦比 演唱会 Live CD",
					"alertid": 2,
					"chinesesinger": 0,
					"docid": "12533715661494436659",
					"grp": [],
					"interval": 276,
					"isonly": 1,
					"lyric": "",
					"lyric_hilight": "",
					"msgid": 14,
					"nt": 416540119,
					"pay": {
						"payalbum": 0,
						"payalbumprice": 0,
						"paydownload": 1,
						"payinfo": 1,
						"payplay": 0,
						"paytrackmouth": 1,
						"paytrackprice": 200
					},
					"preview": {
						"trybegin": 74076,
						"tryend": 104904,
						"trysize": 494444
					},
					"pubtime": 1106150400,
					"pure": 0,
					"singer": [
						{
							"id": 4558,
							"mid": "0025NhlN2yWrP4",
							"name": "周杰伦",
							"name_hilight": "<span class=\"c_tx_highlight\">周杰伦</span>"
						}
					],
					"size128": 4424334,
					"size320": 11059998,
					"sizeape": 34531422,
					"sizeflac": 34690687,
					"sizeogg": 6377237,
					"songid": 4962988,
					"songmid": "0023O1LH0Ha1OO",
					"songname": "倒带 (Live)",
					"songname_hilight": "倒带 (Live)",
					"stream": 3,
					"switch": 636675,
					"t": 1,
					"tag": 12,
					"type": 0,
					"ver": 0,
					"vid": ""
				}, {
					"albumid": 52351,
					"albummid": "003Vzd6E24sgPN",
					"albumname": "K情歌 7",
					"albumname_hilight": "K情歌 7",
					"alertid": 2,
					"chinesesinger": 0,
					"docid": "14937578104382410269",
					"grp": [],
					"interval": 314,
					"isonly": 1,
					"lyric": "",
					"lyric_hilight": "",
					"msgid": 14,
					"nt": 1084869778,
					"pay": {
						"payalbum": 0,
						"payalbumprice": 0,
						"paydownload": 1,
						"payinfo": 1,
						"payplay": 0,
						"paytrackmouth": 1,
						"paytrackprice": 200
					},
					"preview": {
						"trybegin": 70308,
						"tryend": 124648,
						"trysize": 870608
					},
					"pubtime": 1245340800,
					"pure": 0,
					"singer": [
						{
							"id": 4558,
							"mid": "0025NhlN2yWrP4",
							"name": "周杰伦",
							"name_hilight": "<span class=\"c_tx_highlight\">周杰伦</span>"
						}
					],
					"size128": 5043974,
					"size320": 12619881,
					"sizeape": 34518084,
					"sizeflac": 34903357,
					"sizeogg": 7365263,
					"songid": 613329,
					"songmid": "001QgwN90aFmFm",
					"songname": "东风破",
					"songname_hilight": "东风破",
					"stream": 6,
					"switch": 636675,
					"t": 1,
					"tag": 10,
					"type": 0,
					"ver": 0,
					"vid": ""
				}, {
					"albumid": 1268858,
					"albummid": "001V8fw21OdEnP",
					"albumname": "Try",
					"albumname_hilight": "Try",
					"alertid": 2,
					"chinesesinger": 0,
					"docid": "12062336195986696467",
					"grp": [],
					"interval": 240,
					"isonly": 1,
					"lyric": "《功夫熊猫3》电影全球主题曲",
					"lyric_hilight": "《功夫熊猫3》电影全球主题曲",
					"msgid": 14,
					"nt": 2224540947,
					"pay": {
						"payalbum": 0,
						"payalbumprice": 0,
						"paydownload": 1,
						"payinfo": 1,
						"payplay": 0,
						"paytrackmouth": 1,
						"paytrackprice": 200
					},
					"preview": {
						"trybegin": 53435,
						"tryend": 92286,
						"trysize": 622758
					},
					"pubtime": 1452009600,
					"pure": 0,
					"singer": [
						{
							"id": 1043869,
							"mid": "000kZUyu0aPr9t",
							"name": "派伟俊",
							"name_hilight": "派伟俊"
						}, {
							"id": 4558,
							"mid": "0025NhlN2yWrP4",
							"name": "周杰伦",
							"name_hilight": "<span class=\"c_tx_highlight\">周杰伦</span>"
						}
					],
					"size128": 3846254,
					"size320": 9615345,
					"sizeape": 31028079,
					"sizeflac": 31165076,
					"sizeogg": 5750218,
					"songid": 105471061,
					"songmid": "001faq2u0gVP6j",
					"songname": "Try",
					"songname_hilight": "Try",
					"stream": 8,
					"switch": 636675,
					"t": 1,
					"tag": 10,
					"type": 0,
					"ver": 0,
					"vid": ""
				}, {
					"albumid": 1366240,
					"albummid": "004c8Md02WHHju",
					"albumname": "周杰伦魔天伦世界巡回演唱会",
					"albumname_hilight": "<span class=\"c_tx_highlight\">周杰伦</span>魔天伦世界巡回演唱会",
					"alertid": 100002,
					"chinesesinger": 0,
					"docid": "2896291663469210961",
					"grp": [],
					"interval": 277,
					"isonly": 1,
					"lyric": "",
					"lyric_hilight": "",
					"msgid": 14,
					"nt": 1232619426,
					"pay": {
						"payalbum": 0,
						"payalbumprice": 0,
						"paydownload": 1,
						"payinfo": 1,
						"payplay": 0,
						"paytrackmouth": 1,
						"paytrackprice": 200
					},
					"preview": {
						"trybegin": 75533,
						"tryend": 137703,
						"trysize": 995577
					},
					"pubtime": 1462809600,
					"pure": 0,
					"singer": [
						{
							"id": 4558,
							"mid": "0025NhlN2yWrP4",
							"name": "周杰伦",
							"name_hilight": "<span class=\"c_tx_highlight\">周杰伦</span>"
						}
					],
					"size128": 4434765,
					"size320": 11086422,
					"sizeape": 33459853,
					"sizeflac": 33691678,
					"sizeogg": 6413455,
					"songid": 106291296,
					"songmid": "004O4NrB2TSOUq",
					"songname": "哪里都是你 (Live)",
					"songname_hilight": "哪里都是你 (Live)",
					"stream": 10,
					"switch": 636675,
					"t": 1,
					"tag": 10,
					"type": 0,
					"ver": 0,
					"vid": ""
				}, {
					"albumid": 14323,
					"albummid": "0032ezFm3F53yO",
					"albumname": "周杰伦 2004 无与伦比 演唱会 Live CD",
					"albumname_hilight": "<span class=\"c_tx_highlight\">周杰伦</span> 2004 无与伦比 演唱会 Live CD",
					"alertid": 2,
					"chinesesinger": 0,
					"docid": "12936181739912354789",
					"grp": [],
					"interval": 393,
					"isonly": 1,
					"lyric": "",
					"lyric_hilight": "",
					"msgid": 14,
					"nt": 1009297125,
					"pay": {
						"payalbum": 0,
						"payalbumprice": 0,
						"paydownload": 1,
						"payinfo": 1,
						"payplay": 0,
						"paytrackmouth": 1,
						"paytrackprice": 200
					},
					"preview": {
						"trybegin": 0,
						"tryend": 0,
						"trysize": 0
					},
					"pubtime": 1106150400,
					"pure": 0,
					"singer": [
						{
							"id": 4558,
							"mid": "0025NhlN2yWrP4",
							"name": "周杰伦",
							"name_hilight": "<span class=\"c_tx_highlight\">周杰伦</span>"
						}
					],
					"size128": 6299300,
					"size320": 15747855,
					"sizeape": 51118129,
					"sizeflac": 51493384,
					"sizeogg": 9525044,
					"songid": 4962989,
					"songmid": "0022nw6P1dcHgp",
					"songname": "简单爱 (Live)",
					"songname_hilight": "简单爱 (Live)",
					"stream": 3,
					"switch": 636675,
					"t": 1,
					"tag": 10,
					"type": 0,
					"ver": 0,
					"vid": ""
				}
			],
			"totalnum": 40
		},
		"totaltime": 0,
		"zhida": {
			"albumnum": 31,
			"singerid": 4558,
			"singermid": "0025NhlN2yWrP4",
			"singername": "周杰伦",
			"songnum": 395,
			"type": 2
		}
	},
	"message": "",
	"notice": "",
	"subcode": 0,
	"time": 1517234149,
	"tips": ""
}