{
	"code": 0,
	"color": 12632256,
	"comment_num": 56077,
	"cur_song_num": 100,
	"date": "2018-01-07",
	"day_of_year": "7",
	"song_begin": 0,
	"songlist": [
		{
			"Franking_value": "7432247",
			"cur_count": "7432247",
			"data": {
				"albumdesc": "《前任3：再见前任》电影主题曲",
				"albumid": 3754065,
				"albummid": "001xl4uF3OU04A",
				"albumname": "说散就散",
				"alertid": 100002,
				"belongCD": 1,
				"cdIdx": 0,
				"interval": 242,
				"isonly": 1,
				"label": "0",
				"msgid": 14,
				"pay": {
					"payalbum": 0,
					"payalbumprice": 0,
					"paydownload": 1,
					"payinfo": 1,
					"payplay": 0,
					"paytrackmouth": 1,
					"paytrackprice": 200,
					"timefree": 0
				},
				"preview": {
					"trybegin": 0,
					"tryend": 0,
					"trysize": 0
				},
				"rate": 31,
				"singer": [{
					"id": 36691,
					"mid": "00472DR10Ytv83",
					"name": "袁娅维"
				}],
				"size128": 3882244,
				"size320": 9705252,
				"size5_1": 0,
				"sizeape": 27008300,
				"sizeflac": 27175182,
				"sizeogg": 5362359,
				"songid": 212130609,
				"songmid": "003vUjJp3QwFcd",
				"songname": "说散就散",
				"songorig": "说散就散",
				"songtype": 0,
				"strMediaMid": "003vUjJp3QwFcd",
				"stream": 5,
				"switch": 17413891,
				"type": 0,
				"vid": "y00257obhi3"
			},
			"in_count": "3.3838",
			"mb": "yuan_yawei",
			"old_count": "2132453",
			"vid": {
				"Fmv_id": "1426832",
				"Fstatus": "1",
				"Fvid": "y00257obhi3"
			}
		}, {
			"Franking_value": "1213684",
			"cur_count": "1213684",
			"data": {
				"albumdesc": "",
				"albumid": 3835228,
				"albummid": "001qozdT3ejtYD",
				"albumname": "123我爱你",
				"alertid": 100002,
				"belongCD": 1,
				"cdIdx": 0,
				"interval": 199,
				"isonly": 0,
				"label": "0",
				"msgid": 14,
				"pay": {
					"payalbum": 0,
					"payalbumprice": 0,
					"paydownload": 1,
					"payinfo": 1,
					"payplay": 0,
					"paytrackmouth": 1,
					"paytrackprice": 200,
					"timefree": 0
				},
				"preview": {
					"trybegin": 0,
					"tryend": 0,
					"trysize": 0
				},
				"rate": 31,
				"singer": [{
					"id": 1512041,
					"mid": "00428pcM4ctKFo",
					"name": "新乐尘符"
				}],
				"size128": 3193834,
				"size320": 7984273,
				"size5_1": 0,
				"sizeape": 23301596,
				"sizeflac": 23549751,
				"sizeogg": 4927350,
				"songid": 212628854,
				"songmid": "002WqezQ4dmIeT",
				"songname": "123我爱你",
				"songorig": "123我爱你",
				"songtype": 0,
				"strMediaMid": "002WqezQ4dmIeT",
				"stream": 8,
				"switch": 17413891,
				"type": 0,
				"vid": ""
			},
			"in_count": "2.2639",
			"mb": "",
			"old_count": "38329",
			"vid": {
				"Fstatus": null
			}
		}, {
			"Franking_value": "2089886",
			"cur_count": "2089886",
			"data": {
				"albumdesc": "《前任3：再见前任》电影主题曲",
				"albumid": 3763637,
				"albummid": "002ft1C33FCBjG",
				"albumname": "说散就散",
				"alertid": 11,
				"belongCD": 1,
				"cdIdx": 0,
				"interval": 231,
				"isonly": 0,
				"label": "0",
				"msgid": 0,
				"pay": {
					"payalbum": 0,
					"payalbumprice": 0,
					"paydownload": 0,
					"payinfo": 0,
					"payplay": 0,
					"paytrackmouth": 0,
					"paytrackprice": 0,
					"timefree": 0
				},
				"preview": {
					"trybegin": 0,
					"tryend": 0,
					"trysize": 0
				},
				"rate": 31,
				"singer": [{
					"id": 944658,
					"mid": "0027W3Jw0PYnHt",
					"name": "艾福杰尼"
				}, {
					"id": 1010186,
					"mid": "000jhvSn1Prxfi",
					"name": "BooM黄旭"
				}, {
					"id": 2078807,
					"mid": "002l1KtK3VdJ4y",
					"name": "田羽生"
				}],
				"size128": 3710841,
				"size320": 9276734,
				"size5_1": 0,
				"sizeape": 25249218,
				"sizeflac": 25476217,
				"sizeogg": 5101058,
				"songid": 212410500,
				"songmid": "0021Vepl1UX3uG",
				"songname": "说散就散",
				"songorig": "说散就散",
				"songtype": 0,
				"strMediaMid": "0021Vepl1UX3uG",
				"stream": 7,
				"switch": 3749687,
				"type": 0,
				"vid": "b0025rfmsht"
			},
			"in_count": "1.7630",
			"mb": "",
			"old_count": "642252",
			"singer2": {
				"Fgenre": "17",
				"Fsinger_id": "1010186",
				"Fsinger_mid": "000jhvSn1Prxfi",
				"Fsinger_name": "BooM黄旭",
				"Ftype": "0"
			},
			"singer3": {
				"Fgenre": "0",
				"Fsinger_id": "2078807",
				"Fsinger_mid": "002l1KtK3VdJ4y",
				"Fsinger_name": "田羽生",
				"Ftype": "0"
			},
			"vid": {
				"Fmv_id": "1431874",
				"Fstatus": "1",
				"Fvid": "b0025rfmsht"
			}
		}, {
			"Franking_value": "3865411",
			"cur_count": "3865411",
			"data": {
				"albumdesc": "",
				"albumid": 1471640,
				"albummid": "003Mq67P3OVLXo",
				"albumname": "说散就散",
				"alertid": 100002,
				"belongCD": 1,
				"cdIdx": 0,
				"interval": 230,
				"isonly": 1,
				"label": "4611686018431582209",
				"msgid": 14,
				"pay": {
					"payalbum": 0,
					"payalbumprice": 0,
					"paydownload": 1,
					"payinfo": 1,
					"payplay": 0,
					"paytrackmouth": 1,
					"paytrackprice": 200,
					"timefree": 0
				},
				"preview": {
					"trybegin": 0,
					"tryend": 0,
					"trysize": 0
				},
				"rate": 7,
				"singer": [{
					"id": 1171873,
					"mid": "000quag73Rfu0i",
					"name": "JC"
				}],
				"size128": 3690357,
				"size320": 9225600,
				"size5_1": 0,
				"sizeape": 0,
				"sizeflac": 0,
				"sizeogg": 4873090,
				"songid": 107283617,
				"songmid": "0000IMz11ZP6GY",
				"songname": "说散就散",
				"songorig": "说散就散",
				"songtype": 0,
				"strMediaMid": "0000IMz11ZP6GY",
				"stream": 10,
				"switch": 17413891,
				"type": 0,
				"vid": "e0022oznv6v"
			},
			"in_count": "1.2958",
			"mb": "",
			"old_count": "1952463",
			"vid": {
				"Fmv_id": "1069844",
				"Fstatus": "1",
				"Fvid": "e0022oznv6v"
			}
		}, {
			"Franking_value": "1797174",
			"cur_count": "1797174",
			"data": {
				"albumdesc": "《前任3：再见前任》电影同名宣传曲",
				"albumid": 3827256,
				"albummid": "004ZfyuX2hKkuR",
				"albumname": "再见前任",
				"alertid": 11,
				"belongCD": 1,
				"cdIdx": 0,
				"interval": 200,
				"isonly": 0,
				"label": "0",
				"msgid": 0,
				"pay": {
					"payalbum": 0,
					"payalbumprice": 0,
					"paydownload": 0,
					"payinfo": 0,
					"payplay": 0,
					"paytrackmouth": 0,
					"paytrackprice": 0,
					"timefree": 0
				},
				"preview": {
					"trybegin": 0,
					"tryend": 0,
					"trysize": 0
				},
				"rate": 31,
				"singer": [{
					"id": 1233588,
					"mid": "001yMNFV23daTV",
					"name": "冯提莫"
				}],
				"size128": 3209706,
				"size320": 8023969,
				"size5_1": 0,
				"sizeape": 21905043,
				"sizeflac": 21892157,
				"sizeogg": 4616006,
				"songid": 212606866,
				"songmid": "000v5QQ314cAHu",
				"songname": "再见前任",
				"songorig": "再见前任",
				"songtype": 0,
				"strMediaMid": "000vzrsj1Q5k21",
				"stream": 0,
				"switch": 3749687,
				"type": 0,
				"vid": "q0025brwiks"
			},
			"in_count": "1.1673",
			"mb": "",
			"old_count": "766288",
			"vid": {
				"Fmv_id": "1436798",
				"Fstatus": "1",
				"Fvid": "q0025brwiks"
			}
		}, {
			"Franking_value": "572899",
			"cur_count": "572899",
			"data": {
				"albumdesc": "",
				"albumid": 3862240,
				"albummid": "001VHYuP248kfD",
				"albumname": "异想天开",
				"alertid": 100002,
				"belongCD": 1,
				"cdIdx": 0,
				"interval": 235,
				"isonly": 1,
				"label": "0",
				"msgid": 14,
				"pay": {
					"payalbum": 0,
					"payalbumprice": 0,
					"paydownload": 1,
					"payinfo": 1,
					"payplay": 0,
					"paytrackmouth": 1,
					"paytrackprice": 200,
					"timefree": 0
				},
				"preview": {
					"trybegin": 0,
					"tryend": 0,
					"trysize": 0
				},
				"rate": 31,
				"singer": [{
					"id": 146,
					"mid": "004GPm8B362txY",
					"name": "谢霆锋"
				}],
				"size128": 3761830,
				"size320": 9404279,
				"size5_1": 0,
				"sizeape": 28893017,
				"sizeflac": 29107427,
				"sizeogg": 5279582,
				"songid": 212736534,
				"songmid": "002Lw3Of2z0nI8",
				"songname": "异想天开",
				"songorig": "异想天开",
				"songtype": 0,
				"strMediaMid": "002Lw3Of2z0nI8",
				"stream": 10,
				"switch": 17413891,
				"type": 0,
				"vid": "f0025yyhslc"
			},
			"in_count": "1.1458",
			"mb": "",
			"old_count": "0",
			"vid": {
				"Fmv_id": "1439652",
				"Fstatus": "1",
				"Fvid": "f0025yyhslc"
			}
		}, {
			"Franking_value": "564987",
			"cur_count": "564987",
			"data": {
				"albumdesc": "《天龙八部》手游江湖行酒令系列歌曲",
				"albumid": 3862501,
				"albummid": "000IxUkf4FYpqI",
				"albumname": "研山图",
				"alertid": 11,
				"belongCD": 1,
				"cdIdx": 0,
				"interval": 273,
				"isonly": 0,
				"label": "0",
				"msgid": 0,
				"pay": {
					"payalbum": 0,
					"payalbumprice": 0,
					"paydownload": 0,
					"payinfo": 0,
					"payplay": 0,
					"paytrackmouth": 0,
					"paytrackprice": 0,
					"timefree": 0
				},
				"preview": {
					"trybegin": 0,
					"tryend": 0,
					"trysize": 0
				},
				"rate": 31,
				"singer": [{
					"id": 940748,
					"mid": "004WgCsE3KBddt",
					"name": "陈粒"
				}],
				"size128": 4370373,
				"size320": 10925645,
				"size5_1": 0,
				"sizeape": 30101886,
				"sizeflac": 30081853,
				"sizeogg": 6278192,
				"songid": 212740980,
				"songmid": "001v4H6e0TO40K",
				"songname": "研山图",
				"songorig": "研山图",
				"songtype": 0,
				"strMediaMid": "001v4H6e0TO40K",
				"stream": 1,
				"switch": 3749687,
				"type": 0,
				"vid": ""
			},
			"in_count": "1.1300",
			"mb": "",
			"old_count": "0",
			"vid": {
				"Fstatus": null
			}
		}, {
			"Franking_value": "503531",
			"cur_count": "503531",
			"data": {
				"albumdesc": "《嗨！前任》网剧片头曲",
				"albumid": 3850608,
				"albummid": "000obVUM1TYRl2",
				"albumname": "万里挑一",
				"alertid": 100002,
				"belongCD": 1,
				"cdIdx": 0,
				"interval": 223,
				"isonly": 1,
				"label": "0",
				"msgid": 14,
				"pay": {
					"payalbum": 0,
					"payalbumprice": 0,
					"paydownload": 1,
					"payinfo": 1,
					"payplay": 0,
					"paytrackmouth": 1,
					"paytrackprice": 200,
					"timefree": 0
				},
				"preview": {
					"trybegin": 0,
					"tryend": 0,
					"trysize": 0
				},
				"rate": 31,
				"singer": [{
					"id": 22874,
					"mid": "001oXbjs29oPul",
					"name": "孙子涵"
				}],
				"size128": 3569569,
				"size320": 8923086,
				"size5_1": 0,
				"sizeape": 29087089,
				"sizeflac": 29256822,
				"sizeogg": 5325069,
				"songid": 212675774,
				"songmid": "001s15FX2ltMHz",
				"songname": "万里挑一",
				"songorig": "万里挑一",
				"songtype": 0,
				"strMediaMid": "003zVN682O9NP5",
				"stream": 0,
				"switch": 17413891,
				"type": 0,
				"vid": ""
			},
			"in_count": "1.0071",
			"mb": "niko111",
			"old_count": "0",
			"vid": {
				"Fstatus": null
			}
		}, {
			"Franking_value": "448054",
			"cur_count": "448054",
			"data": {
				"albumdesc": "",
				"albumid": 3862017,
				"albummid": "001M1Hvk2x4zPF",
				"albumname": "宠爱吖",
				"alertid": 11,
				"belongCD": 1,
				"cdIdx": 0,
				"interval": 217,
				"isonly": 0,
				"label": "0",
				"msgid": 0,
				"pay": {
					"payalbum": 0,
					"payalbumprice": 0,
					"paydownload": 0,
					"payinfo": 0,
					"payplay": 0,
					"paytrackmouth": 0,
					"paytrackprice": 0,
					"timefree": 0
				},
				"preview": {
					"trybegin": 0,
					"tryend": 0,
					"trysize": 0
				},
				"rate": 31,
				"singer": [{
					"id": 963482,
					"mid": "004GZcGF2ZgJYo",
					"name": "白小白"
				}, {
					"id": 1519749,
					"mid": "0003UO5L1a9p63",
					"name": "球球"
				}],
				"size128": 3485555,
				"size320": 8713598,
				"size5_1": 0,
				"sizeape": 26706899,
				"sizeflac": 26811254,
				"sizeogg": 4981260,
				"songid": 212734081,
				"songmid": "004HilGb2TKbFY",
				"songname": "宠爱吖",
				"songorig": "宠爱吖",
				"songtype": 0,
				"strMediaMid": "004HilGb2TKbFY",
				"stream": 7,
				"switch": 3749687,
				"type": 0,
				"vid": ""
			},
			"in_count": "0.8961",
			"mb": "",
			"old_count": "0",
			"singer2": {
				"Fgenre": "0",
				"Fsinger_id": "1519749",
				"Fsinger_mid": "0003UO5L1a9p63",
				"Fsinger_name": "球球",
				"Ftype": "1"
			},
			"vid": {
				"Fstatus": null
			}
		}, {
			"Franking_value": "391053",
			"cur_count": "391053",
			"data": {
				"albumdesc": "",
				"albumid": 2271035,
				"albummid": "001v3NMj3Pi45u",
				"albumname": "Voicenotes",
				"alertid": 100002,
				"belongCD": 7,
				"cdIdx": 0,
				"interval": 242,
				"isonly": 1,
				"label": "0",
				"msgid": 14,
				"pay": {
					"payalbum": 0,
					"payalbumprice": 0,
					"paydownload": 1,
					"payinfo": 1,
					"payplay": 0,
					"paytrackmouth": 1,
					"paytrackprice": 200,
					"timefree": 0
				},
				"preview": {
					"trybegin": 0,
					"tryend": 0,
					"trysize": 0
				},
				"rate": 7,
				"singer": [{
					"id": 39000,
					"mid": "000jnR7q3pCzYG",
					"name": "Charlie Puth"
				}, {
					"id": 7104,
					"mid": "002vIqoc0yqNIT",
					"name": "Boyz II Men"
				}],
				"size128": 3876029,
				"size320": 9689335,
				"size5_1": 0,
				"sizeape": 0,
				"sizeflac": 0,
				"sizeogg": 5699044,
				"songid": 212675597,
				"songmid": "003xcfUj3qb0vx",
				"songname": "If You Leave Me Now",
				"songorig": "If You Leave Me Now",
				"songtype": 0,
				"strMediaMid": "003xcfUj3qb0vx",
				"stream": 0,
				"switch": 17413891,
				"type": 0,
				"vid": ""
			},
			"in_count": "0.7821",
			"mb": "",
			"old_count": "2",
			"singer2": {
				"Fgenre": "0",
				"Fsinger_id": "7104",
				"Fsinger_mid": "002vIqoc0yqNIT",
				"Fsinger_name": "Boyz II Men",
				"Ftype": "2"
			},
			"vid": {
				"Fstatus": null
			}
		}, {
			"Franking_value": "359031",
			"cur_count": "359031",
			"data": {
				"albumdesc": "",
				"albumid": 3859664,
				"albummid": "000kXQ4L2Nn5zD",
				"albumname": "星夜的呼唤",
				"alertid": 100021,
				"belongCD": 1,
				"cdIdx": 0,
				"interval": 213,
				"isonly": 1,
				"label": "0",
				"msgid": 14,
				"pay": {
					"payalbum": 0,
					"payalbumprice": 0,
					"paydownload": 1,
					"payinfo": 1,
					"payplay": 0,
					"paytrackmouth": 1,
					"paytrackprice": 200,
					"timefree": 0
				},
				"preview": {
					"trybegin": 0,
					"tryend": 0,
					"trysize": 0
				},
				"rate": 7,
				"singer": [{
					"id": 149,
					"mid": "0040D7gK4aI54k",
					"name": "谭咏麟"
				}],
				"size128": 3410749,
				"size320": 8526569,
				"size5_1": 0,
				"sizeape": 0,
				"sizeflac": 0,
				"sizeogg": 4716306,
				"songid": 212714292,
				"songmid": "000tb5WP24vVzo",
				"songname": "星夜的呼唤",
				"songorig": "星夜的呼唤",
				"songtype": 0,
				"strMediaMid": "000b51483AHcGP",
				"stream": 0,
				"switch": 17413891,
				"type": 0,
				"vid": ""
			},
			"in_count": "0.7181",
			"mb": "alantam",
			"old_count": "0",
			"vid": {
				"Fstatus": null
			}
		}, {
			"Franking_value": "345705",
			"cur_count": "345705",
			"data": {
				"albumdesc": "",
				"albumid": 3864094,
				"albummid": "004QqKzU2Zj98R",
				"albumname": "梦想的声音第二季 第10期",
				"alertid": 100002,
				"belongCD": 8,
				"cdIdx": 0,
				"interval": 283,
				"isonly": 1,
				"label": "0",
				"msgid": 14,
				"pay": {
					"payalbum": 0,
					"payalbumprice": 0,
					"paydownload": 1,
					"payinfo": 1,
					"payplay": 0,
					"paytrackmouth": 1,
					"paytrackprice": 200,
					"timefree": 0
				},
				"preview": {
					"trybegin": 0,
					"tryend": 0,
					"trysize": 0
				},
				"rate": 31,
				"singer": [{
					"id": 4607,
					"mid": "000aw4WC2EQYTv",
					"name": "张靓颖"
				}],
				"size128": 4533833,
				"size320": 11334238,
				"size5_1": 0,
				"sizeape": 33885075,
				"sizeflac": 34137748,
				"sizeogg": 6599717,
				"songid": 212763991,
				"songmid": "004N7vE51b7o04",
				"songname": "好心情 (Live)",
				"songorig": "好心情",
				"songtype": 0,
				"strMediaMid": "004N7vE51b7o04",
				"stream": 4,
				"switch": 17413891,
				"type": 0,
				"vid": "b0025ad653z"
			},
			"in_count": "0.6914",
			"mb": "zhangliangyingstar",
			"old_count": "0",
			"vid": {
				"Fmv_id": "1440188",
				"Fstatus": "1",
				"Fvid": "b0025ad653z"
			}
		}, {
			"Franking_value": "327985",
			"cur_count": "327985",
			"data": {
				"albumdesc": "",
				"albumid": 3865176,
				"albummid": "001zLpFa1clQkd",
				"albumname": "天籁之战第二季 第12期",
				"alertid": 100002,
				"belongCD": 1,
				"cdIdx": 0,
				"interval": 280,
				"isonly": 1,
				"label": "0",
				"msgid": 14,
				"pay": {
					"payalbum": 0,
					"payalbumprice": 0,
					"paydownload": 1,
					"payinfo": 1,
					"payplay": 0,
					"paytrackmouth": 1,
					"paytrackprice": 200,
					"timefree": 0
				},
				"preview": {
					"trybegin": 0,
					"tryend": 0,
					"trysize": 0
				},
				"rate": 31,
				"singer": [{
					"id": 6499,
					"mid": "002azErJ0UcDN6",
					"name": "张杰"
				}, {
					"id": 200603,
					"mid": "00084q6A2ZGwaG",
					"name": "耿斯汉"
				}],
				"size128": 4492481,
				"size320": 11230819,
				"size5_1": 0,
				"sizeape": 36594552,
				"sizeflac": 36696570,
				"sizeogg": 6481640,
				"songid": 212773734,
				"songmid": "001bjgMU0YPD8U",
				"songname": "好想大声说爱你 (Live)",
				"songorig": "好想大声说爱你",
				"songtype": 0,
				"strMediaMid": "001bjgMU0YPD8U",
				"stream": 6,
				"switch": 17413891,
				"type": 0,
				"vid": ""
			},
			"in_count": "0.6560",
			"mb": "jasonzhang",
			"old_count": "0",
			"singer2": {
				"Fgenre": "0",
				"Fsinger_id": "200603",
				"Fsinger_mid": "00084q6A2ZGwaG",
				"Fsinger_name": "耿斯汉",
				"Ftype": "0"
			},
			"vid": {
				"Fstatus": null
			}
		}, {
			"Franking_value": "323928",
			"cur_count": "323928",
			"data": {
				"albumdesc": "",
				"albumid": 3864094,
				"albummid": "004QqKzU2Zj98R",
				"albumname": "梦想的声音第二季 第10期",
				"alertid": 100002,
				"belongCD": 6,
				"cdIdx": 0,
				"interval": 278,
				"isonly": 1,
				"label": "0",
				"msgid": 14,
				"pay": {
					"payalbum": 0,
					"payalbumprice": 0,
					"paydownload": 1,
					"payinfo": 1,
					"payplay": 0,
					"paytrackmouth": 1,
					"paytrackprice": 200,
					"timefree": 0
				},
				"preview": {
					"trybegin": 0,
					"tryend": 0,
					"trysize": 0
				},
				"rate": 31,
				"singer": [{
					"id": 4362,
					"mid": "000f7diK2mDS3Z",
					"name": "林志炫"
				}],
				"size128": 4459858,
				"size320": 11149225,
				"size5_1": 0,
				"sizeape": 28166665,
				"sizeflac": 28131282,
				"sizeogg": 6150737,
				"songid": 212764000,
				"songmid": "003QhRfb1Chaub",
				"songname": "不为谁而作的歌 (Live)",
				"songorig": "不为谁而作的歌",
				"songtype": 0,
				"strMediaMid": "003QhRfb1Chaub",
				"stream": 4,
				"switch": 17413891,
				"type": 0,
				"vid": "l00257uajas"
			},
			"in_count": "0.6479",
			"mb": "linzhixuan",
			"old_count": "0",
			"vid": {
				"Fmv_id": "1440189",
				"Fstatus": "1",
				"Fvid": "l00257uajas"
			}
		}, {
			"Franking_value": "401468",
			"cur_count": "401468",
			"data": {
				"albumdesc": "",
				"albumid": 3851620,
				"albummid": "000HfGhv0aed2e",
				"albumname": "湖南卫视2017-2018跨年演唱会",
				"alertid": 100002,
				"belongCD": 9,
				"cdIdx": 0,
				"interval": 131,
				"isonly": 1,
				"label": "0",
				"msgid": 14,
				"pay": {
					"payalbum": 0,
					"payalbumprice": 0,
					"paydownload": 1,
					"payinfo": 1,
					"payplay": 0,
					"paytrackmouth": 1,
					"paytrackprice": 200,
					"timefree": 0
				},
				"preview": {
					"trybegin": 0,
					"tryend": 0,
					"trysize": 0
				},
				"rate": 31,
				"singer": [{
					"id": 4610,
					"mid": "004HlS192u9J5g",
					"name": "周笔畅"
				}, {
					"id": 1171873,
					"mid": "000quag73Rfu0i",
					"name": "JC"
				}],
				"size128": 2097963,
				"size320": 5244023,
				"size5_1": 0,
				"sizeape": 12633807,
				"sizeflac": 13084432,
				"sizeogg": 3013529,
				"songid": 212683072,
				"songmid": "001Yb5Z62ODOpm",
				"songname": "说散就散 (Live)",
				"songorig": "说散就散",
				"songtype": 0,
				"strMediaMid": "001Yb5Z62ODOpm",
				"stream": 10,
				"switch": 17413891,
				"type": 0,
				"vid": "p0025jwdsl0"
			},
			"in_count": "0.5874",
			"mb": "zhoubichang",
			"old_count": "83323",
			"singer2": {
				"Fgenre": "0",
				"Fsinger_id": "1171873",
				"Fsinger_mid": "000quag73Rfu0i",
				"Fsinger_name": "JC",
				"Ftype": "1"
			},
			"vid": {
				"Fmv_id": "1440129",
				"Fstatus": "1",
				"Fvid": "p0025jwdsl0"
			}
		}, {
			"Franking_value": "510760",
			"cur_count": "510760",
			"data": {
				"albumdesc": "",
				"albumid": 3863694,
				"albummid": "001xbK0i0B49na",
				"albumname": "从前慢",
				"alertid": 100002,
				"belongCD": 1,
				"cdIdx": 0,
				"interval": 244,
				"isonly": 1,
				"label": "0",
				"msgid": 14,
				"pay": {
					"payalbum": 0,
					"payalbumprice": 0,
					"paydownload": 1,
					"payinfo": 1,
					"payplay": 0,
					"paytrackmouth": 1,
					"paytrackprice": 200,
					"timefree": 0
				},
				"preview": {
					"trybegin": 0,
					"tryend": 0,
					"trysize": 0
				},
				"rate": 31,
				"singer": [{
					"id": 1278872,
					"mid": "000mjQA01OD3Mp",
					"name": "叶炫清"
				}],
				"size128": 3916889,
				"size320": 9791932,
				"size5_1": 0,
				"sizeape": 21730757,
				"sizeflac": 21730086,
				"sizeogg": 5131029,
				"songid": 212761104,
				"songmid": "002LP9qP4MNOM7",
				"songname": "从前慢",
				"songorig": "从前慢",
				"songtype": 0,
				"strMediaMid": "002LP9qP4MNOM7",
				"stream": 4,
				"switch": 17413891,
				"type": 0,
				"vid": "n00258ipoyx"
			},
			"in_count": "0.5811",
			"mb": "",
			"old_count": "170622",
			"vid": {
				"Fmv_id": "1439995",
				"Fstatus": "1",
				"Fvid": "n00258ipoyx"
			}
		}, {
			"Franking_value": "289800",
			"cur_count": "289800",
			"data": {
				"albumdesc": "",
				"albumid": 3863347,
				"albummid": "0042WxvD3vc8mN",
				"albumname": "Filthy",
				"alertid": 100002,
				"belongCD": 1,
				"cdIdx": 0,
				"interval": 293,
				"isonly": 1,
				"label": "0",
				"msgid": 14,
				"pay": {
					"payalbum": 0,
					"payalbumprice": 0,
					"paydownload": 1,
					"payinfo": 1,
					"payplay": 0,
					"paytrackmouth": 1,
					"paytrackprice": 200,
					"timefree": 0
				},
				"preview": {
					"trybegin": 0,
					"tryend": 0,
					"trysize": 0
				},
				"rate": 7,
				"singer": [{
					"id": 4761,
					"mid": "003KHAR40ycCk3",
					"name": "Justin Timberlake"
				}],
				"size128": 4704364,
				"size320": 11760309,
				"size5_1": 0,
				"sizeape": 0,
				"sizeflac": 0,
				"sizeogg": 7086834,
				"songid": 212757984,
				"songmid": "002WucN52jS2ec",
				"songname": "Filthy",
				"songorig": "Filthy",
				"songtype": 0,
				"strMediaMid": "000TN7lk1xplGW",
				"stream": 0,
				"switch": 17413891,
				"type": 0,
				"vid": "r0025p4rssi"
			},
			"in_count": "0.5796",
			"mb": "",
			"old_count": "0",
			"vid": {
				"Fmv_id": "1439951",
				"Fstatus": "1",
				"Fvid": "r0025p4rssi"
			}
		}, {
			"Franking_value": "396883",
			"cur_count": "396883",
			"data": {
				"albumdesc": "",
				"albumid": 3856399,
				"albummid": "004HhaNX4FCTJT",
				"albumname": "水流众生",
				"alertid": 11,
				"belongCD": 2,
				"cdIdx": 0,
				"interval": 280,
				"isonly": 1,
				"label": "0",
				"msgid": 0,
				"pay": {
					"payalbum": 0,
					"payalbumprice": 0,
					"paydownload": 0,
					"payinfo": 0,
					"payplay": 0,
					"paytrackmouth": 0,
					"paytrackprice": 0,
					"timefree": 0
				},
				"preview": {
					"trybegin": 0,
					"tryend": 0,
					"trysize": 0
				},
				"rate": 31,
				"singer": [{
					"id": 6740,
					"mid": "001oEyQf4Ub6s7",
					"name": "李健"
				}],
				"size128": 4493299,
				"size320": 11232891,
				"size5_1": 0,
				"sizeape": 28774401,
				"sizeflac": 28959052,
				"sizeogg": 6090929,
				"songid": 212698875,
				"songmid": "004eLWmo36vXU9",
				"songname": "水流众生",
				"songorig": "水流众生",
				"songtype": 0,
				"strMediaMid": "004eLWmo36vXU9",
				"stream": 9,
				"switch": 3749687,
				"type": 0,
				"vid": ""
			},
			"in_count": "0.5593",
			"mb": "lijian2011vip",
			"old_count": "91611",
			"vid": {
				"Fstatus": null
			}
		}, {
			"Franking_value": "392628",
			"cur_count": "392628",
			"data": {
				"albumdesc": "《儿科医生》电视剧主题曲",
				"albumid": 1311733,
				"albummid": "002rtFVc0giBgD",
				"albumname": "写一夜心跳",
				"alertid": 11,
				"belongCD": 2,
				"cdIdx": 0,
				"interval": 220,
				"isonly": 0,
				"label": "4611686153735634945",
				"msgid": 0,
				"pay": {
					"payalbum": 0,
					"payalbumprice": 0,
					"paydownload": 0,
					"payinfo": 0,
					"payplay": 0,
					"paytrackmouth": 0,
					"paytrackprice": 0,
					"timefree": 0
				},
				"preview": {
					"trybegin": 66026,
					"tryend": 114805,
					"trysize": 781582
				},
				"rate": 31,
				"singer": [{
					"id": 67008,
					"mid": "000poF8D027tPr",
					"name": "于文文"
				}],
				"size128": 3521524,
				"size320": 8803483,
				"size5_1": 0,
				"sizeape": 22778331,
				"sizeflac": 23277424,
				"sizeogg": 5609732,
				"songid": 105884120,
				"songmid": "003Yxhb32PsBrY",
				"songname": "一夜成长 (原味版)",
				"songorig": "一夜成长",
				"songtype": 0,
				"strMediaMid": "003Yxhb32PsBrY",
				"stream": 3,
				"switch": 3749687,
				"type": 0,
				"vid": "s0025qmrmxy"
			},
			"in_count": "0.5497",
			"mb": "",
			"old_count": "92385",
			"vid": {
				"Fmv_id": "1389021",
				"Fstatus": "1",
				"Fvid": "s0025qmrmxy"
			}
		}, {
			"Franking_value": "274733",
			"cur_count": "274733",
			"data": {
				"albumdesc": "《谜巢》电影主题曲",
				"albumid": 3857452,
				"albummid": "002CRiLG362gBg",
				"albumname": "Lady Killer",
				"alertid": 100002,
				"belongCD": 1,
				"cdIdx": 0,
				"interval": 195,
				"isonly": 1,
				"label": "0",
				"msgid": 14,
				"pay": {
					"payalbum": 0,
					"payalbumprice": 0,
					"paydownload": 1,
					"payinfo": 1,
					"payplay": 0,
					"paytrackmouth": 1,
					"paytrackprice": 200,
					"timefree": 0
				},
				"preview": {
					"trybegin": 0,
					"tryend": 0,
					"trysize": 0
				},
				"rate": 31,
				"singer": [{
					"id": 4607,
					"mid": "000aw4WC2EQYTv",
					"name": "张靓颖"
				}],
				"size128": 3121127,
				"size320": 7802479,
				"size5_1": 0,
				"sizeape": 18367177,
				"sizeflac": 18376501,
				"sizeogg": 4421592,
				"songid": 212705147,
				"songmid": "004ThBv40DweSu",
				"songname": "Lady Killer",
				"songorig": "Lady Killer",
				"songtype": 0,
				"strMediaMid": "004ThBv40DweSu",
				"stream": 2,
				"switch": 17413891,
				"type": 0,
				"vid": "s0025k4m723"
			},
			"in_count": "0.5495",
			"mb": "zhangliangyingstar",
			"old_count": "0",
			"vid": {
				"Fmv_id": "1439110",
				"Fstatus": "1",
				"Fvid": "s0025k4m723"
			}
		}, {
			"Franking_value": "268118",
			"cur_count": "268118",
			"data": {
				"albumdesc": "",
				"albumid": 3825148,
				"albummid": "004Uy4kU3qeFac",
				"albumname": "God Save Our Young Blood",
				"alertid": 100021,
				"belongCD": 1,
				"cdIdx": 0,
				"interval": 232,
				"isonly": 1,
				"label": "0",
				"msgid": 14,
				"pay": {
					"payalbum": 0,
					"payalbumprice": 0,
					"paydownload": 1,
					"payinfo": 1,
					"payplay": 0,
					"paytrackmouth": 1,
					"paytrackprice": 200,
					"timefree": 0
				},
				"preview": {
					"trybegin": 0,
					"tryend": 0,
					"trysize": 0
				},
				"rate": 7,
				"singer": [{
					"id": 282798,
					"mid": "0016tYtJ49il7m",
					"name": "BØRNS"
				}, {
					"id": 36434,
					"mid": "0040HbAd0HG7N5",
					"name": "Lana Del Rey"
				}],
				"size128": 3723044,
				"size320": 9307097,
				"size5_1": 0,
				"sizeape": 0,
				"sizeflac": 0,
				"sizeogg": 4937749,
				"songid": 212590014,
				"songmid": "003bNpgO3qIygz",
				"songname": "God Save Our Young Blood",
				"songorig": "God Save Our Young Blood",
				"songtype": 0,
				"strMediaMid": "003bNpgO3qIygz",
				"stream": 0,
				"switch": 17413891,
				"type": 0,
				"vid": ""
			},
			"in_count": "0.5362",
			"mb": "",
			"old_count": "0",
			"singer2": {
				"Fgenre": "0",
				"Fsinger_id": "36434",
				"Fsinger_mid": "0040HbAd0HG7N5",
				"Fsinger_name": "Lana Del Rey",
				"Ftype": "1"
			},
			"vid": {
				"Fstatus": null
			}
		}, {
			"Franking_value": "259003",
			"cur_count": "259003",
			"data": {
				"albumdesc": "",
				"albumid": 3865176,
				"albummid": "001zLpFa1clQkd",
				"albumname": "天籁之战第二季 第12期",
				"alertid": 100002,
				"belongCD": 4,
				"cdIdx": 0,
				"interval": 261,
				"isonly": 1,
				"label": "0",
				"msgid": 14,
				"pay": {
					"payalbum": 0,
					"payalbumprice": 0,
					"paydownload": 1,
					"payinfo": 1,
					"payplay": 0,
					"paytrackmouth": 1,
					"paytrackprice": 200,
					"timefree": 0
				},
				"preview": {
					"trybegin": 0,
					"tryend": 0,
					"trysize": 0
				},
				"rate": 31,
				"singer": [{
					"id": 163550,
					"mid": "002Vcz8F2hpBQj",
					"name": "华晨宇"
				}, {
					"id": 671,
					"mid": "000SGVzv2vcl7x",
					"name": "马璐"
				}],
				"size128": 4192796,
				"size320": 10481619,
				"size5_1": 0,
				"sizeape": 28949610,
				"sizeflac": 29044586,
				"sizeogg": 5625805,
				"songid": 212773729,
				"songmid": "004B4S100svPYa",
				"songname": "白痴 (Live)",
				"songorig": "白痴",
				"songtype": 0,
				"strMediaMid": "004B4S100svPYa",
				"stream": 6,
				"switch": 17413891,
				"type": 0,
				"vid": ""
			},
			"in_count": "0.5180",
			"mb": "huachenyuyu",
			"old_count": "0",
			"singer2": {
				"Fgenre": "0",
				"Fsinger_id": "671",
				"Fsinger_mid": "000SGVzv2vcl7x",
				"Fsinger_name": "马璐",
				"Ftype": "1"
			},
			"vid": {
				"Fstatus": null
			}
		}, {
			"Franking_value": "245029",
			"cur_count": "245029",
			"data": {
				"albumdesc": "",
				"albumid": 3858649,
				"albummid": "004IUQEn1MSCm4",
				"albumname": "Finesse (Remix)",
				"alertid": 100002,
				"belongCD": 1,
				"cdIdx": 0,
				"interval": 217,
				"isonly": 1,
				"label": "0",
				"msgid": 14,
				"pay": {
					"payalbum": 0,
					"payalbumprice": 0,
					"paydownload": 1,
					"payinfo": 1,
					"payplay": 0,
					"paytrackmouth": 1,
					"paytrackprice": 200,
					"timefree": 0
				},
				"preview": {
					"trybegin": 0,
					"tryend": 0,
					"trysize": 0
				},
				"rate": 7,
				"singer": [{
					"id": 21414,
					"mid": "001F1svH2tTpsC",
					"name": "Bruno Mars"
				}, {
					"id": 1227276,
					"mid": "003KiJMA3QCdjW",
					"name": "Cardi B"
				}],
				"size128": 3478158,
				"size320": 8694916,
				"size5_1": 0,
				"sizeape": 0,
				"sizeflac": 0,
				"sizeogg": 5206113,
				"songid": 212710040,
				"songmid": "004gbDmA1tuWhh",
				"songname": "Finesse (Remix)",
				"songorig": "Finesse",
				"songtype": 0,
				"strMediaMid": "001zCMIW0SZUd9",
				"stream": 0,
				"switch": 17413891,
				"type": 0,
				"vid": "p0025u3a0f2"
			},
			"in_count": "0.4850",
			"mb": "",
			"old_count": "2019",
			"singer2": {
				"Fgenre": "0",
				"Fsinger_id": "1227276",
				"Fsinger_mid": "003KiJMA3QCdjW",
				"Fsinger_name": "Cardi B",
				"Ftype": "1"
			},
			"vid": {
				"Fmv_id": "1439644",
				"Fstatus": "1",
				"Fvid": "p0025u3a0f2"
			}
		}, {
			"Franking_value": "413240",
			"cur_count": "413240",
			"data": {
				"albumdesc": "",
				"albumid": 3851622,
				"albummid": "000e36et0VmUI4",
				"albumname": "“让幸福照亮你”江苏卫视2018跨年演唱会",
				"alertid": 100002,
				"belongCD": 34,
				"cdIdx": 0,
				"interval": 282,
				"isonly": 1,
				"label": "0",
				"msgid": 14,
				"pay": {
					"payalbum": 0,
					"payalbumprice": 0,
					"paydownload": 1,
					"payinfo": 1,
					"payplay": 0,
					"paytrackmouth": 1,
					"paytrackprice": 200,
					"timefree": 0
				},
				"preview": {
					"trybegin": 0,
					"tryend": 0,
					"trysize": 0
				},
				"rate": 31,
				"singer": [{
					"id": 13948,
					"mid": "001fNHEf1SFEFN",
					"name": "G.E.M. 邓紫棋"
				}, {
					"id": 1121441,
					"mid": "004LV0lb4fOw89",
					"name": "GAI"
				}],
				"size128": 4521730,
				"size320": 11303954,
				"size5_1": 0,
				"sizeape": 16905406,
				"sizeflac": 16827241,
				"sizeogg": 4895481,
				"songid": 212683136,
				"songmid": "0049Cxru3uLO9W",
				"songname": "漫步人生路 (Live)",
				"songorig": "漫步人生路",
				"songtype": 0,
				"strMediaMid": "001uU14d3U6zFO",
				"stream": 2,
				"switch": 17413891,
				"type": 0,
				"vid": "b0025mcjr5u"
			},
			"in_count": "0.4737",
			"mb": "gemtang",
			"old_count": "142633",
			"singer2": {
				"Fgenre": "17",
				"Fsinger_id": "1121441",
				"Fsinger_mid": "004LV0lb4fOw89",
				"Fsinger_name": "GAI",
				"Ftype": "0"
			},
			"vid": {
				"Fmv_id": "1438896",
				"Fstatus": "1",
				"Fvid": "b0025mcjr5u"
			}
		}, {
			"Franking_value": "301923",
			"cur_count": "301923",
			"data": {
				"albumdesc": "",
				"albumid": 3864094,
				"albummid": "004QqKzU2Zj98R",
				"albumname": "梦想的声音第二季 第10期",
				"alertid": 100002,
				"belongCD": 1,
				"cdIdx": 0,
				"interval": 164,
				"isonly": 1,
				"label": "0",
				"msgid": 14,
				"pay": {
					"payalbum": 0,
					"payalbumprice": 0,
					"paydownload": 1,
					"payinfo": 1,
					"payplay": 0,
					"paytrackmouth": 1,
					"paytrackprice": 200,
					"timefree": 0
				},
				"preview": {
					"trybegin": 0,
					"tryend": 0,
					"trysize": 0
				},
				"rate": 31,
				"singer": [{
					"id": 4362,
					"mid": "000f7diK2mDS3Z",
					"name": "林志炫"
				}],
				"size128": 2639226,
				"size320": 6597176,
				"size5_1": 0,
				"sizeape": 19144330,
				"sizeflac": 19320509,
				"sizeogg": 3796788,
				"songid": 212763997,
				"songmid": "000FdZqA4FWWoC",
				"songname": "没离开过 (Live)",
				"songorig": "没离开过",
				"songtype": 0,
				"strMediaMid": "000FdZqA4FWWoC",
				"stream": 4,
				"switch": 17413891,
				"type": 0,
				"vid": ""
			},
			"in_count": "0.3852",
			"mb": "linzhixuan",
			"old_count": "91690",
			"vid": {
				"Fstatus": null
			}
		}, {
			"Franking_value": "235778",
			"cur_count": "235778",
			"data": {
				"albumdesc": "",
				"albumid": 3851617,
				"albummid": "003mz3GG0kxMO3",
				"albumname": "安徽卫视2017国剧盛典",
				"alertid": 100002,
				"belongCD": 3,
				"cdIdx": 0,
				"interval": 232,
				"isonly": 1,
				"label": "0",
				"msgid": 14,
				"pay": {
					"payalbum": 0,
					"payalbumprice": 0,
					"paydownload": 1,
					"payinfo": 1,
					"payplay": 0,
					"paytrackmouth": 1,
					"paytrackprice": 200,
					"timefree": 0
				},
				"preview": {
					"trybegin": 0,
					"tryend": 0,
					"trysize": 0
				},
				"rate": 31,
				"singer": [{
					"id": 1995322,
					"mid": "0007QDzS2DXd3a",
					"name": "胡一天"
				}],
				"size128": 3714617,
				"size320": 9286222,
				"size5_1": 0,
				"sizeape": 8814013,
				"sizeflac": 8813161,
				"sizeogg": 3739540,
				"songid": 212683037,
				"songmid": "001USijl2lLEUJ",
				"songname": "追光者 (Live)",
				"songorig": "追光者",
				"songtype": 0,
				"strMediaMid": "001USijl2lLEUJ",
				"stream": 7,
				"switch": 17413891,
				"type": 0,
				"vid": ""
			},
			"in_count": "0.3564",
			"mb": "",
			"old_count": "48883",
			"vid": {
				"Fstatus": null
			}
		}, {
			"Franking_value": "174790",
			"cur_count": "174790",
			"data": {
				"albumdesc": "",
				"albumid": 3864094,
				"albummid": "004QqKzU2Zj98R",
				"albumname": "梦想的声音第二季 第10期",
				"alertid": 100002,
				"belongCD": 10,
				"cdIdx": 0,
				"interval": 241,
				"isonly": 1,
				"label": "0",
				"msgid": 14,
				"pay": {
					"payalbum": 0,
					"payalbumprice": 0,
					"paydownload": 1,
					"payinfo": 1,
					"payplay": 0,
					"paytrackmouth": 1,
					"paytrackprice": 200,
					"timefree": 0
				},
				"preview": {
					"trybegin": 0,
					"tryend": 0,
					"trysize": 0
				},
				"rate": 31,
				"singer": [{
					"id": 4564,
					"mid": "004GNPTz1v18Cw",
					"name": "羽泉"
				}],
				"size128": 3863848,
				"size320": 9659270,
				"size5_1": 0,
				"sizeape": 28376129,
				"sizeflac": 28606172,
				"sizeogg": 5344044,
				"songid": 212763993,
				"songmid": "0048fdY12sw8Kg",
				"songname": "爱情诺曼底 (Live)",
				"songorig": "爱情诺曼底",
				"songtype": 0,
				"strMediaMid": "0048fdY12sw8Kg",
				"stream": 4,
				"switch": 17413891,
				"type": 0,
				"vid": ""
			},
			"in_count": "0.3496",
			"mb": "yuquanblog",
			"old_count": "0",
			"vid": {
				"Fstatus": null
			}
		}, {
			"Franking_value": "845476",
			"cur_count": "845476",
			"data": {
				"albumdesc": "",
				"albumid": 3851622,
				"albummid": "000e36et0VmUI4",
				"albumname": "“让幸福照亮你”江苏卫视2018跨年演唱会",
				"alertid": 100000,
				"belongCD": 41,
				"cdIdx": 0,
				"interval": 173,
				"isonly": 1,
				"label": "0",
				"msgid": 0,
				"pay": {
					"payalbum": 0,
					"payalbumprice": 0,
					"paydownload": 0,
					"payinfo": 1,
					"payplay": 0,
					"paytrackmouth": 1,
					"paytrackprice": 0,
					"timefree": 1
				},
				"preview": {
					"trybegin": 0,
					"tryend": 0,
					"trysize": 0
				},
				"rate": 31,
				"singer": [{
					"id": 5062,
					"mid": "002J4UUk29y8BY",
					"name": "薛之谦"
				}, {
					"id": 1507534,
					"mid": "001BHDR33FZVZ0",
					"name": "毛不易"
				}],
				"size128": 2770461,
				"size320": 6925651,
				"size5_1": 0,
				"sizeape": 8645890,
				"sizeflac": 8543850,
				"sizeogg": 2787623,
				"songid": 212683130,
				"songmid": "002O3A8O1I9gdZ",
				"songname": "消愁 (Live)",
				"songorig": "消愁",
				"songtype": 0,
				"strMediaMid": "000t6x8x4CM2ge",
				"stream": 2,
				"switch": 636799,
				"type": 0,
				"vid": "o0025h0groh"
			},
			"in_count": "0.3392",
			"mb": "xuezhiqian",
			"old_count": "577897",
			"singer2": {
				"Fgenre": "0",
				"Fsinger_id": "1507534",
				"Fsinger_mid": "001BHDR33FZVZ0",
				"Fsinger_name": "毛不易",
				"Ftype": "0"
			},
			"vid": {
				"Fmv_id": "1438886",
				"Fstatus": "1",
				"Fvid": "o0025h0groh"
			}
		}, {
			"Franking_value": "194058",
			"cur_count": "194058",
			"data": {
				"albumdesc": "《前任2：备胎反击战》电影主题曲",
				"albumid": 1197841,
				"albummid": "003z1N7e0JaA8W",
				"albumname": "前任2：备胎反击战 电影原声带",
				"alertid": 100002,
				"belongCD": 4,
				"cdIdx": 0,
				"interval": 240,
				"isonly": 1,
				"label": "4611686018431582209",
				"msgid": 14,
				"pay": {
					"payalbum": 0,
					"payalbumprice": 0,
					"paydownload": 1,
					"payinfo": 1,
					"payplay": 0,
					"paytrackmouth": 1,
					"paytrackprice": 200,
					"timefree": 0
				},
				"preview": {
					"trybegin": 54434,
					"tryend": 85809,
					"trysize": 503221
				},
				"rate": 31,
				"singer": [{
					"id": 157542,
					"mid": "002lcIUx44ykVS",
					"name": "郑恺"
				}],
				"size128": 3845472,
				"size320": 9613309,
				"size5_1": 0,
				"sizeape": 24880250,
				"sizeflac": 24907013,
				"sizeogg": 5395745,
				"songid": 104926993,
				"songmid": "002x3KR619m4go",
				"songname": "时光倒回",
				"songorig": "时光倒回",
				"songtype": 0,
				"strMediaMid": "002x3KR619m4go",
				"stream": 1,
				"switch": 17413891,
				"type": 0,
				"vid": "d0018wlog30"
			},
			"in_count": "0.2888",
			"mb": "",
			"old_count": "43393",
			"vid": {
				"Fmv_id": "657580",
				"Fstatus": "1",
				"Fvid": "d0018wlog30"
			}
		}, {
			"Franking_value": "171476",
			"cur_count": "171476",
			"data": {
				"albumdesc": "",
				"albumid": 1735089,
				"albummid": "002C4qL44RmrHd",
				"albumname": "第三季中国好歌曲导师大碟——羽泉组",
				"alertid": 100002,
				"belongCD": 1,
				"cdIdx": 0,
				"interval": 199,
				"isonly": 1,
				"label": "4611686018444165121",
				"msgid": 14,
				"pay": {
					"payalbum": 0,
					"payalbumprice": 0,
					"paydownload": 1,
					"payinfo": 1,
					"payplay": 0,
					"paytrackmouth": 1,
					"paytrackprice": 200,
					"timefree": 0
				},
				"preview": {
					"trybegin": 87722,
					"tryend": 120145,
					"trysize": 519940
				},
				"rate": 31,
				"singer": [{
					"id": 67008,
					"mid": "000poF8D027tPr",
					"name": "于文文"
				}],
				"size128": 3186770,
				"size320": 7966552,
				"size5_1": 0,
				"sizeape": 21632799,
				"sizeflac": 21698403,
				"sizeogg": 4450381,
				"songid": 109629068,
				"songmid": "003ewZxz22Ebls",
				"songname": "心跳",
				"songorig": "心跳",
				"songtype": 0,
				"strMediaMid": "003ewZxz22Ebls",
				"stream": 9,
				"switch": 17413891,
				"type": 0,
				"vid": ""
			},
			"in_count": "0.2809",
			"mb": "",
			"old_count": "27224",
			"vid": {
				"Fstatus": null
			}
		}, {
			"Franking_value": "248770",
			"cur_count": "248770",
			"data": {
				"albumdesc": "",
				"albumid": 3852645,
				"albummid": "002OP9Eb27PK9n",
				"albumname": "天籁之战第二季 第11期",
				"alertid": 100002,
				"belongCD": 1,
				"cdIdx": 0,
				"interval": 248,
				"isonly": 1,
				"label": "0",
				"msgid": 14,
				"pay": {
					"payalbum": 0,
					"payalbumprice": 0,
					"paydownload": 1,
					"payinfo": 1,
					"payplay": 0,
					"paytrackmouth": 1,
					"paytrackprice": 200,
					"timefree": 0
				},
				"preview": {
					"trybegin": 0,
					"tryend": 0,
					"trysize": 0
				},
				"rate": 31,
				"singer": [{
					"id": 199515,
					"mid": "0003ZpE43ypssl",
					"name": "张碧晨"
				}],
				"size128": 3977121,
				"size320": 9942444,
				"size5_1": 0,
				"sizeape": 26765130,
				"sizeflac": 26933654,
				"sizeogg": 5528297,
				"songid": 212686588,
				"songmid": "002ieImd01TE78",
				"songname": "花心 (Live)",
				"songorig": "花心",
				"songtype": 0,
				"strMediaMid": "002ieImd01TE78",
				"stream": 5,
				"switch": 17413891,
				"type": 0,
				"vid": "m0025kagbb2"
			},
			"in_count": "0.2643",
			"mb": "",
			"old_count": "103008",
			"vid": {
				"Fmv_id": "1438977",
				"Fstatus": "1",
				"Fvid": "m0025kagbb2"
			}
		}, {
			"Franking_value": "267776",
			"cur_count": "267776",
			"data": {
				"albumdesc": "",
				"albumid": 3851609,
				"albummid": "002S9bfh4AIBVL",
				"albumname": "只要你快乐",
				"alertid": 100002,
				"belongCD": 1,
				"cdIdx": 0,
				"interval": 263,
				"isonly": 1,
				"label": "0",
				"msgid": 14,
				"pay": {
					"payalbum": 0,
					"payalbumprice": 0,
					"paydownload": 1,
					"payinfo": 1,
					"payplay": 0,
					"paytrackmouth": 1,
					"paytrackprice": 200,
					"timefree": 0
				},
				"preview": {
					"trybegin": 0,
					"tryend": 0,
					"trysize": 0
				},
				"rate": 31,
				"singer": [{
					"id": 89698,
					"mid": "003Cn3Yh16q1MO",
					"name": "庄心妍"
				}],
				"size128": 4221179,
				"size320": 10552634,
				"size5_1": 0,
				"sizeape": 25418641,
				"sizeflac": 25506424,
				"sizeogg": 5707136,
				"songid": 212682928,
				"songmid": "001m8pRO2C0vo6",
				"songname": "只要你快乐",
				"songorig": "只要你快乐",
				"songtype": 0,
				"strMediaMid": "001m8pRO2C0vo6",
				"stream": 9,
				"switch": 17413891,
				"type": 0,
				"vid": ""
			},
			"in_count": "0.2637",
			"mb": "zhuangyihaoh",
			"old_count": "120087",
			"vid": {
				"Fstatus": null
			}
		}, {
			"Franking_value": "129656",
			"cur_count": "129656",
			"data": {
				"albumdesc": "《五十度飞》电影主题曲",
				"albumid": 3859022,
				"albummid": "000sHfYf1Of47h",
				"albumname": "For You (Fifty Shades Freed)",
				"alertid": 100021,
				"belongCD": 1,
				"cdIdx": 0,
				"interval": 244,
				"isonly": 1,
				"label": "0",
				"msgid": 14,
				"pay": {
					"payalbum": 0,
					"payalbumprice": 0,
					"paydownload": 1,
					"payinfo": 1,
					"payplay": 0,
					"paytrackmouth": 1,
					"paytrackprice": 200,
					"timefree": 0
				},
				"preview": {
					"trybegin": 0,
					"tryend": 0,
					"trysize": 0
				},
				"rate": 7,
				"singer": [{
					"id": 1139028,
					"mid": "002C8BQQ1yYc2W",
					"name": "Liam Payne"
				}, {
					"id": 41668,
					"mid": "000hLVZT0ylkxb",
					"name": "Rita Ora"
				}],
				"size128": 3909898,
				"size320": 9774283,
				"size5_1": 0,
				"sizeape": 0,
				"sizeflac": 0,
				"sizeogg": 5919545,
				"songid": 212711588,
				"songmid": "002B0TG44SrLlF",
				"songname": "For You (Fifty Shades Freed)",
				"songorig": "For You (Fifty Shades Freed)",
				"songtype": 0,
				"strMediaMid": "000Df0wU2RlVq6",
				"stream": 0,
				"switch": 17413891,
				"type": 0,
				"vid": ""
			},
			"in_count": "0.2593",
			"mb": "",
			"old_count": "0",
			"singer2": {
				"Fgenre": "0",
				"Fsinger_id": "41668",
				"Fsinger_mid": "000hLVZT0ylkxb",
				"Fsinger_name": "Rita Ora",
				"Ftype": "1"
			},
			"vid": {
				"Fstatus": null
			}
		}, {
			"Franking_value": "148339",
			"cur_count": "148339",
			"data": {
				"albumdesc": "",
				"albumid": 805625,
				"albummid": "002DFDpT28spdu",
				"albumname": "斗志",
				"alertid": 100002,
				"belongCD": 5,
				"cdIdx": 0,
				"interval": 260,
				"isonly": 1,
				"label": "4611686018431582209",
				"msgid": 14,
				"pay": {
					"payalbum": 0,
					"payalbumprice": 0,
					"paydownload": 1,
					"payinfo": 1,
					"payplay": 0,
					"paytrackmouth": 1,
					"paytrackprice": 200,
					"timefree": 0
				},
				"preview": {
					"trybegin": 0,
					"tryend": 0,
					"trysize": 0
				},
				"rate": 7,
				"singer": [{
					"id": 67008,
					"mid": "000poF8D027tPr",
					"name": "于文文"
				}],
				"size128": 4169336,
				"size320": 10423051,
				"size5_1": 0,
				"sizeape": 0,
				"sizeflac": 0,
				"sizeogg": 5941674,
				"songid": 9480921,
				"songmid": "000ECwA32LS1gA",
				"songname": "分手那天",
				"songorig": "分手那天",
				"songtype": 0,
				"strMediaMid": "000ECwA32LS1gA",
				"stream": 5,
				"switch": 17413891,
				"type": 0,
				"vid": "x0015lnzkjs"
			},
			"in_count": "0.2590",
			"mb": "",
			"old_count": "16664",
			"vid": {
				"Fmv_id": "301614",
				"Fstatus": "1",
				"Fvid": "x0015lnzkjs"
			}
		}, {
			"Franking_value": "454505",
			"cur_count": "454505",
			"data": {
				"albumdesc": "",
				"albumid": 3851620,
				"albummid": "000HfGhv0aed2e",
				"albumname": "湖南卫视2017-2018跨年演唱会",
				"alertid": 100002,
				"belongCD": 20,
				"cdIdx": 0,
				"interval": 116,
				"isonly": 1,
				"label": "0",
				"msgid": 14,
				"pay": {
					"payalbum": 0,
					"payalbumprice": 0,
					"paydownload": 1,
					"payinfo": 1,
					"payplay": 0,
					"paytrackmouth": 1,
					"paytrackprice": 200,
					"timefree": 0
				},
				"preview": {
					"trybegin": 0,
					"tryend": 0,
					"trysize": 0
				},
				"rate": 31,
				"singer": [{
					"id": 1995322,
					"mid": "0007QDzS2DXd3a",
					"name": "胡一天"
				}],
				"size128": 1864753,
				"size320": 4661184,
				"size5_1": 0,
				"sizeape": 12772163,
				"sizeflac": 13041815,
				"sizeogg": 2920295,
				"songid": 212683061,
				"songmid": "004PqOx73a0ufz",
				"songname": "我多喜欢你,你会知道 (Live)",
				"songorig": "我多喜欢你,你会知道",
				"songtype": 0,
				"strMediaMid": "004PqOx73a0ufz",
				"stream": 10,
				"switch": 17413891,
				"type": 0,
				"vid": "h00253v1lxp"
			},
			"in_count": "0.2509",
			"mb": "",
			"old_count": "292376",
			"vid": {
				"Fmv_id": "1438921",
				"Fstatus": "1",
				"Fvid": "h00253v1lxp"
			}
		}, {
			"Franking_value": "325249",
			"cur_count": "325249",
			"data": {
				"albumdesc": "《我叫MT》第三季动画插曲",
				"albumid": 59329,
				"albummid": "000RM2PQ0BuDGp",
				"albumname": "孤独的乐章",
				"alertid": 11,
				"belongCD": 9,
				"cdIdx": 0,
				"interval": 226,
				"isonly": 0,
				"label": "5764607523034234881",
				"msgid": 0,
				"pay": {
					"payalbum": 0,
					"payalbumprice": 0,
					"paydownload": 0,
					"payinfo": 0,
					"payplay": 0,
					"paytrackmouth": 0,
					"paytrackprice": 0,
					"timefree": 0
				},
				"preview": {
					"trybegin": 55227,
					"tryend": 90807,
					"trysize": 570513
				},
				"rate": 31,
				"singer": [{
					"id": 3969,
					"mid": "002L1Hsb0mD4IP",
					"name": "杜婧荧"
				}, {
					"id": 61534,
					"mid": "00165hgm1jQnwf",
					"name": "王艺翔"
				}],
				"size128": 3618884,
				"size320": 9060767,
				"size5_1": 0,
				"sizeape": 25565008,
				"sizeflac": 25654984,
				"sizeogg": 5143857,
				"songid": 4738049,
				"songmid": "001HmS8C4cQcg2",
				"songname": "雪",
				"songorig": "雪",
				"songtype": 0,
				"strMediaMid": "001HmS8C4cQcg2",
				"stream": 9,
				"switch": 3749687,
				"type": 0,
				"vid": "f0016su6l0d"
			},
			"in_count": "0.2438",
			"mb": "duwenti",
			"old_count": "181229",
			"singer2": {
				"Fgenre": "0",
				"Fsinger_id": "61534",
				"Fsinger_mid": "00165hgm1jQnwf",
				"Fsinger_name": "王艺翔",
				"Ftype": "0"
			},
			"vid": {
				"Fmv_id": "367166",
				"Fstatus": "1",
				"Fvid": "f0016su6l0d"
			}
		}, {
			"Franking_value": "432086",
			"cur_count": "432086",
			"data": {
				"albumdesc": "",
				"albumid": 2769982,
				"albummid": "003OdTlD1p5J2s",
				"albumname": "蒙面唱将猜猜猜第二季 第9期",
				"alertid": 100002,
				"belongCD": 4,
				"cdIdx": 0,
				"interval": 226,
				"isonly": 1,
				"label": "0",
				"msgid": 14,
				"pay": {
					"payalbum": 0,
					"payalbumprice": 0,
					"paydownload": 1,
					"payinfo": 1,
					"payplay": 0,
					"paytrackmouth": 1,
					"paytrackprice": 200,
					"timefree": 0
				},
				"preview": {
					"trybegin": 0,
					"tryend": 0,
					"trysize": 0
				},
				"rate": 31,
				"singer": [{
					"id": 1121441,
					"mid": "004LV0lb4fOw89",
					"name": "GAI"
				}],
				"size128": 3633147,
				"size320": 9082225,
				"size5_1": 0,
				"sizeape": 25693103,
				"sizeflac": 25849192,
				"sizeogg": 4927266,
				"songid": 208199631,
				"songmid": "001OkO4N2XAlzW",
				"songname": "爱如潮水 (Live)",
				"songorig": "爱如潮水",
				"songtype": 0,
				"strMediaMid": "001OkO4N2XAlzW",
				"stream": 2,
				"switch": 17413891,
				"type": 0,
				"vid": ""
			},
			"in_count": "0.2367",
			"mb": "",
			"old_count": "280507",
			"vid": {
				"Fstatus": null
			}
		}, {
			"Franking_value": "115652",
			"cur_count": "115652",
			"data": {
				"albumdesc": "",
				"albumid": 3862434,
				"albummid": "000cMzE608C6nj",
				"albumname": "少女与海",
				"alertid": 11,
				"belongCD": 1,
				"cdIdx": 0,
				"interval": 234,
				"isonly": 0,
				"label": "0",
				"msgid": 0,
				"pay": {
					"payalbum": 0,
					"payalbumprice": 0,
					"paydownload": 0,
					"payinfo": 0,
					"payplay": 0,
					"paytrackmouth": 0,
					"paytrackprice": 0,
					"timefree": 0
				},
				"preview": {
					"trybegin": 0,
					"tryend": 0,
					"trysize": 0
				},
				"rate": 31,
				"singer": [{
					"id": 63099,
					"mid": "0018bYjA4bdNNi",
					"name": "霍尊"
				}],
				"size128": 3747618,
				"size320": 9368751,
				"size5_1": 0,
				"sizeape": 24379874,
				"sizeflac": 24477043,
				"sizeogg": 5298289,
				"songid": 212740158,
				"songmid": "001IOpbO40H0fO",
				"songname": "少女与海",
				"songorig": "少女与海",
				"songtype": 0,
				"strMediaMid": "001IOpbO40H0fO",
				"stream": 4,
				"switch": 3749687,
				"type": 0,
				"vid": ""
			},
			"in_count": "0.2313",
			"mb": "",
			"old_count": "0",
			"vid": {
				"Fstatus": null
			}
		}, {
			"Franking_value": "110135",
			"cur_count": "110135",
			"data": {
				"albumdesc": "",
				"albumid": 3865176,
				"albummid": "001zLpFa1clQkd",
				"albumname": "天籁之战第二季 第12期",
				"alertid": 100002,
				"belongCD": 3,
				"cdIdx": 0,
				"interval": 325,
				"isonly": 1,
				"label": "0",
				"msgid": 14,
				"pay": {
					"payalbum": 0,
					"payalbumprice": 0,
					"paydownload": 1,
					"payinfo": 1,
					"payplay": 0,
					"paytrackmouth": 1,
					"paytrackprice": 200,
					"timefree": 0
				},
				"preview": {
					"trybegin": 0,
					"tryend": 0,
					"trysize": 0
				},
				"rate": 31,
				"singer": [{
					"id": 120,
					"mid": "0043OO7j3TsLnO",
					"name": "杨坤"
				}, {
					"id": 165109,
					"mid": "003SY3iA1WHf8z",
					"name": "张新"
				}],
				"size128": 5214290,
				"size320": 13035352,
				"size5_1": 0,
				"sizeape": 36391561,
				"sizeflac": 36704391,
				"sizeogg": 7240891,
				"songid": 212773732,
				"songmid": "003yw7qU3xEwas",
				"songname": "逝去的爱 (Live)",
				"songorig": "逝去的爱",
				"songtype": 0,
				"strMediaMid": "003yw7qU3xEwas",
				"stream": 6,
				"switch": 17413891,
				"type": 0,
				"vid": ""
			},
			"in_count": "0.2203",
			"mb": "yangkun",
			"old_count": "0",
			"singer2": {
				"Fgenre": "0",
				"Fsinger_id": "165109",
				"Fsinger_mid": "003SY3iA1WHf8z",
				"Fsinger_name": "张新",
				"Ftype": "0"
			},
			"vid": {
				"Fstatus": null
			}
		}, {
			"Franking_value": "156899",
			"cur_count": "156899",
			"data": {
				"albumdesc": "《前任2：备胎反击战 》电影主题曲",
				"albumid": 1197841,
				"albummid": "003z1N7e0JaA8W",
				"albumname": "前任2：备胎反击战 电影原声带",
				"alertid": 100002,
				"belongCD": 12,
				"cdIdx": 0,
				"interval": 255,
				"isonly": 1,
				"label": "4611686153723052033",
				"msgid": 14,
				"pay": {
					"payalbum": 0,
					"payalbumprice": 0,
					"paydownload": 1,
					"payinfo": 1,
					"payplay": 0,
					"paytrackmouth": 1,
					"paytrackprice": 200,
					"timefree": 0
				},
				"preview": {
					"trybegin": 71794,
					"tryend": 134983,
					"trysize": 1011878
				},
				"rate": 31,
				"singer": [{
					"id": 11447,
					"mid": "001iaSfi07zuSE",
					"name": "王铮亮"
				}],
				"size128": 4097141,
				"size320": 10242395,
				"size5_1": 0,
				"sizeape": 23743845,
				"sizeflac": 23972740,
				"sizeogg": 5140101,
				"songid": 104926765,
				"songmid": "000O14nT0T7NIV",
				"songname": "相爱一场",
				"songorig": "相爱一场",
				"songtype": 0,
				"strMediaMid": "000O14nT0T7NIV",
				"stream": 1,
				"switch": 17413891,
				"type": 0,
				"vid": "e0018mwpaq5"
			},
			"in_count": "0.2067",
			"mb": "renowang",
			"old_count": "48544",
			"vid": {
				"Fmv_id": "658768",
				"Fstatus": "1",
				"Fvid": "e0018mwpaq5"
			}
		}, {
			"Franking_value": "101288",
			"cur_count": "101288",
			"data": {
				"albumdesc": "",
				"albumid": 2358688,
				"albummid": "000Eatcr1OtwFP",
				"albumname": "迷",
				"alertid": 100002,
				"belongCD": 11,
				"cdIdx": 0,
				"interval": 257,
				"isonly": 1,
				"label": "0",
				"msgid": 14,
				"pay": {
					"payalbum": 0,
					"payalbumprice": 0,
					"paydownload": 1,
					"payinfo": 1,
					"payplay": 0,
					"paytrackmouth": 1,
					"paytrackprice": 200,
					"timefree": 0
				},
				"preview": {
					"trybegin": 0,
					"tryend": 0,
					"trysize": 0
				},
				"rate": 31,
				"singer": [{
					"id": 89698,
					"mid": "003Cn3Yh16q1MO",
					"name": "庄心妍"
				}],
				"size128": 4115422,
				"size320": 10288261,
				"size5_1": 0,
				"sizeape": 26063710,
				"sizeflac": 26031635,
				"sizeogg": 5682815,
				"songid": 212737698,
				"songmid": "003ls3KF3op82s",
				"songname": "流着泪说再见",
				"songorig": "流着泪说再见",
				"songtype": 0,
				"strMediaMid": "003ls3KF3op82s",
				"stream": 8,
				"switch": 17413891,
				"type": 0,
				"vid": ""
			},
			"in_count": "0.2026",
			"mb": "zhuangyihaoh",
			"old_count": "0",
			"vid": {
				"Fstatus": null
			}
		}, {
			"Franking_value": "358651",
			"cur_count": "358651",
			"data": {
				"albumdesc": "",
				"albumid": 2178261,
				"albummid": "002KKu8e0m1nL2",
				"albumname": "火锅底料",
				"alertid": 100002,
				"belongCD": 1,
				"cdIdx": 0,
				"interval": 184,
				"isonly": 1,
				"label": "0",
				"msgid": 14,
				"pay": {
					"payalbum": 0,
					"payalbumprice": 0,
					"paydownload": 1,
					"payinfo": 1,
					"payplay": 0,
					"paytrackmouth": 1,
					"paytrackprice": 200,
					"timefree": 0
				},
				"preview": {
					"trybegin": 0,
					"tryend": 0,
					"trysize": 0
				},
				"rate": 31,
				"singer": [{
					"id": 1121441,
					"mid": "004LV0lb4fOw89",
					"name": "GAI"
				}],
				"size128": 2961020,
				"size320": 7402255,
				"size5_1": 0,
				"sizeape": 21475743,
				"sizeflac": 21381482,
				"sizeogg": 4426412,
				"songid": 203373520,
				"songmid": "000yinPa238ih0",
				"songname": "火锅底料 (正式版)",
				"songorig": "火锅底料",
				"songtype": 0,
				"strMediaMid": "000yinPa238ih0",
				"stream": 1,
				"switch": 17413891,
				"type": 0,
				"vid": "m0024hmb3h4"
			},
			"in_count": "0.1998",
			"mb": "",
			"old_count": "235235",
			"vid": {
				"Fmv_id": "1364702",
				"Fstatus": "1",
				"Fvid": "m0024hmb3h4"
			}
		}, {
			"Franking_value": "846759",
			"cur_count": "846759",
			"data": {
				"albumdesc": "",
				"albumid": 3851622,
				"albummid": "000e36et0VmUI4",
				"albumname": "“让幸福照亮你”江苏卫视2018跨年演唱会",
				"alertid": 100000,
				"belongCD": 40,
				"cdIdx": 0,
				"interval": 295,
				"isonly": 1,
				"label": "0",
				"msgid": 0,
				"pay": {
					"payalbum": 0,
					"payalbumprice": 0,
					"paydownload": 0,
					"payinfo": 1,
					"payplay": 0,
					"paytrackmouth": 1,
					"paytrackprice": 0,
					"timefree": 1
				},
				"preview": {
					"trybegin": 0,
					"tryend": 0,
					"trysize": 0
				},
				"rate": 31,
				"singer": [{
					"id": 5062,
					"mid": "002J4UUk29y8BY",
					"name": "薛之谦"
				}, {
					"id": 1507534,
					"mid": "001BHDR33FZVZ0",
					"name": "毛不易"
				}],
				"size128": 4734035,
				"size320": 11834444,
				"size5_1": 0,
				"sizeape": 13337357,
				"sizeflac": 13243870,
				"sizeogg": 4584451,
				"songid": 212683131,
				"songmid": "001aeyIt0UVi1E",
				"songname": "下雨了 (Live)",
				"songorig": "下雨了",
				"songtype": 0,
				"strMediaMid": "00360htx0SSL7o",
				"stream": 2,
				"switch": 636799,
				"type": 0,
				"vid": "d0025unfdsp"
			},
			"in_count": "0.1983",
			"mb": "xuezhiqian",
			"old_count": "680200",
			"singer2": {
				"Fgenre": "0",
				"Fsinger_id": "1507534",
				"Fsinger_mid": "001BHDR33FZVZ0",
				"Fsinger_name": "毛不易",
				"Ftype": "0"
			},
			"vid": {
				"Fmv_id": "1438895",
				"Fstatus": "1",
				"Fvid": "d0025unfdsp"
			}
		}, {
			"Franking_value": "485066",
			"cur_count": "485066",
			"data": {
				"albumdesc": "",
				"albumid": 2217243,
				"albummid": "000zVIGt2L9Vfp",
				"albumname": "中国有嘻哈 第10期",
				"alertid": 100002,
				"belongCD": 6,
				"cdIdx": 0,
				"interval": 143,
				"isonly": 1,
				"label": "0",
				"msgid": 14,
				"pay": {
					"payalbum": 0,
					"payalbumprice": 0,
					"paydownload": 1,
					"payinfo": 1,
					"payplay": 0,
					"paytrackmouth": 1,
					"paytrackprice": 200,
					"timefree": 0
				},
				"preview": {
					"trybegin": 0,
					"tryend": 0,
					"trysize": 0
				},
				"rate": 31,
				"singer": [{
					"id": 1121441,
					"mid": "004LV0lb4fOw89",
					"name": "GAI"
				}],
				"size128": 2293584,
				"size320": 5733597,
				"size5_1": 0,
				"sizeape": 15323855,
				"sizeflac": 15240232,
				"sizeogg": 3154319,
				"songid": 203705575,
				"songmid": "000yw7ED4bPPL8",
				"songname": "苦行僧 (Live)",
				"songorig": "苦行僧",
				"songtype": 0,
				"strMediaMid": "000yw7ED4bPPL8",
				"stream": 3,
				"switch": 17413891,
				"type": 0,
				"vid": ""
			},
			"in_count": "0.1874",
			"mb": "",
			"old_count": "357824",
			"vid": {
				"Fstatus": null
			}
		}, {
			"Franking_value": "91912",
			"cur_count": "91912",
			"data": {
				"albumdesc": "《我在未来等你》小说同名主题曲",
				"albumid": 3857806,
				"albummid": "004dOi6W1GdYHr",
				"albumname": "我在未来等你",
				"alertid": 100002,
				"belongCD": 1,
				"cdIdx": 0,
				"interval": 291,
				"isonly": 0,
				"label": "0",
				"msgid": 14,
				"pay": {
					"payalbum": 0,
					"payalbumprice": 0,
					"paydownload": 1,
					"payinfo": 1,
					"payplay": 0,
					"paytrackmouth": 1,
					"paytrackprice": 200,
					"timefree": 0
				},
				"preview": {
					"trybegin": 0,
					"tryend": 0,
					"trysize": 0
				},
				"rate": 31,
				"singer": [{
					"id": 60433,
					"mid": "002Ua1Ph1SH8iF",
					"name": "好妹妹乐队"
				}],
				"size128": 4667192,
				"size320": 11667590,
				"size5_1": 0,
				"sizeape": 29160286,
				"sizeflac": 29250160,
				"sizeogg": 6237789,
				"songid": 212707103,
				"songmid": "002pxa4245PEXk",
				"songname": "我在未来等你",
				"songorig": "我在未来等你",
				"songtype": 0,
				"strMediaMid": "002pxa4245PEXk",
				"stream": 6,
				"switch": 17413891,
				"type": 0,
				"vid": "m00256a9db0"
			},
			"in_count": "0.1838",
			"mb": "",
			"old_count": "0",
			"vid": {
				"Fmv_id": "1438804",
				"Fstatus": "1",
				"Fvid": "m00256a9db0"
			}
		}, {
			"Franking_value": "331953",
			"cur_count": "331953",
			"data": {
				"albumdesc": "",
				"albumid": 20123,
				"albummid": "001aWITY13DZ7O",
				"albumname": "男人的好（新歌   精选）",
				"alertid": 100002,
				"belongCD": 27,
				"cdIdx": 1,
				"interval": 286,
				"isonly": 1,
				"label": "4611686018435776513",
				"msgid": 14,
				"pay": {
					"payalbum": 0,
					"payalbumprice": 0,
					"paydownload": 1,
					"payinfo": 1,
					"payplay": 0,
					"paytrackmouth": 1,
					"paytrackprice": 200,
					"timefree": 0
				},
				"preview": {
					"trybegin": 0,
					"tryend": 0,
					"trysize": 0
				},
				"rate": 31,
				"singer": [{
					"id": 168,
					"mid": "0044wQXL0ElWF1",
					"name": "张宇"
				}],
				"size128": 4590828,
				"size320": 11522400,
				"size5_1": 0,
				"sizeape": 33419690,
				"sizeflac": 33848182,
				"sizeogg": 6802661,
				"songid": 230238,
				"songmid": "002edeyc0xaACC",
				"songname": "给你们",
				"songorig": "给你们",
				"songtype": 0,
				"strMediaMid": "002edeyc0xaACC",
				"stream": 9,
				"switch": 17413891,
				"type": 0,
				"vid": "r0011ua1kdb"
			},
			"in_count": "0.1818",
			"mb": "zhangyublog1218",
			"old_count": "220940",
			"vid": {
				"Fmv_id": "161139",
				"Fstatus": "1",
				"Fvid": "r0011ua1kdb"
			}
		}
	],
	"topinfo": {
		"ListName": "安利XS·巅峰榜·流行指数",
		"MacDetailPicUrl": "http://y.gtimg.cn/music/common//upload/t_order_channel_hitlist_conf/64072.png",
		"MacListPicUrl": "http://y.gtimg.cn/music/common//upload/t_order_channel_hitlist_conf/64073.png",
		"UpdateType": "1",
		"albuminfo": "",
		"headPic_v12": "http://y.gtimg.cn/music/common//upload/t_order_channel_hitlist_conf/139426.jpg",
		"info": "安利XS运动营养饮料·巅峰榜·流行指数根据歌曲播放次数在7天内的涨幅自动生成，集结了当下正在蹿红的单曲。<br><br>更新时间：每天上午10点<br>统计对象：QQ音乐库内全部歌曲<br>排名数量：100首<br>统计算法：比较歌曲在7天内有效播放次数的涨幅，由高到低取前100名<br>有效播放次数：登录用户完整播放一首歌曲，记为一次有效播放；同一用户收听同一首歌曲，每天记录为1次有效播放。",
		"listennum": 19100000,
		"pic": "http://y.gtimg.cn/music/common//upload/t_order_channel_hitlist_conf/64072.png",
		"picDetail": "http://y.gtimg.cn/music/common//upload/t_order_channel_hitlist_conf/139424.jpg",
		"pic_album": "http://imgcache.qq.com/music/photo_new/T002R300x300M000001qYTzY2oyDyZ.jpg",
		"pic_h5": "http://y.gtimg.cn/music/common//upload/t_order_channel_hitlist_conf/64065.png",
		"pic_v11": "http://y.gtimg.cn/music/common//upload/t_order_channel_hitlist_conf/64072.png",
		"pic_v12": "http://y.gtimg.cn/music/common/upload/iphone_order_channel/toplist_4_300_212606735.jpg",
		"topID": "4",
		"type": "0"
	},
	"total_song_num": 100,
	"update_time": "2018-0"
}