{
	"code": 0,
	"data": {
		"slider": [{
			"linkUrl": "another",
			"picUrl": "http://localhost:8888/recommend/T003R720x288M000004Pq1an2tnnQu.jpg",
			"id": 13690
		}, {
			"linkUrl": "another",
			"picUrl": "http://localhost:8888/recommend/T003R720x288M0000046ZMNO27ON3i.jpg",
			"id": 13724
		}, {
			"linkUrl": "another",
			"picUrl": "http://localhost:8888/recommend/T003R720x288M000000SrYxl0Ard97.jpg",
			"id": 13118
		}, {
			"linkUrl": "another",
			"picUrl": "http://localhost:8888/recommend/T003R720x288M000002TpPgG4XmQVl.jpg",
			"id": 13685
		}, {
			"linkUrl": "another",
			"picUrl": "http://localhost:8888/recommend/T003R720x288M000001x4e2w0UVsgV.jpg",
			"id": 13694
		}],
		"radioList": [{
			"picUrl": "http://y.gtimg.cn/music/photo/radio/track_radio_199_13_1.jpg",
			"Ftitle": "热歌",
			"radioid": 199
		}],
		"songList": [{
			"songListDesc": "催泪大杀器！盘点演唱会经典万人大合唱",
			"picUrl": "http://p.qpic.cn/music_cover/1Fr9IFMhWDPeUzWKVEjn3QTL2eX2QziaJmaL0ZAmsvtW71ic9IDUoYzg/300?n=1",
			"id": "2646688496",
			"accessnum": 7698330,
			"songListAuthor": "Harry",
			"pic_mid": "00333So02drvak",
			"album_pic_mid": "0032YJyg2yF6Dd"
		}, {
			"songListDesc": "纳尼？这些华语歌手竟然会唱日语歌！",
			"picUrl": "http://p.qpic.cn/music_cover/z8wAFqicQ1qhImeiajkrgiaR4hYM3pzsUULFnicXshFXdw9uGkm261Ex9g/300?n=1",
			"id": "1144416825",
			"accessnum": 611299,
			"songListAuthor": "风吹草地",
			"pic_mid": "0013j8zs1jRnLQ",
			"album_pic_mid": ""
		}, {
			"songListDesc": "精选内地十大民谣歌手代表作",
			"picUrl": "http://p.qpic.cn/music_cover/hVUsfUFG2DV466URqw7PT7X66OknPIhic2mKDgicawN4qThIR7yhYY1w/300?n=1",
			"id": "2043041547",
			"accessnum": 851000,
			"songListAuthor": "１'s   ヽ",
			"pic_mid": "004bFmjW2PXSqF",
			"album_pic_mid": "0032YJyg2yF6Dd"
		}, {
			"songListDesc": "2016Billboard嘻哈榜精选",
			"picUrl": "http://p.qpic.cn/music_cover/tkduvk4dwqBxwzZhsNe0nwkwyiaLHVkxtla7REsX0yNkhibOH3Bdb2og/300?n=1",
			"id": "2040362185",
			"accessnum": 1155500,
			"songListAuthor": "SdopeBoi_7",
			"pic_mid": "0032Ubid2ses0e",
			"album_pic_mid": "001iJq1y1Uq3zV"
		}, {
			"songListDesc": "浮光掠影：ACG纯音乐赏析合辑",
			"picUrl": "http://p.qpic.cn/music_cover/XMPAjfs5uwGZdWII3osvAvCRyNWx8Pqy5Yice41OCZlBhLtk0p0icNvg/300?n=1",
			"id": "1723063372",
			"accessnum": 892342,
			"songListAuthor": "肥喵",
			"pic_mid": "000xFtbN1l8ye8",
			"album_pic_mid": "002egQPg3DWcCS"
		}, {
			"songListDesc": "trip-hop单曲大推荐",
			"picUrl": "http://y.gtimg.cn/music/photo_new/T005R600x600M000002CJKAY1LKpcz.jpg?n=1",
			"id": "3482605622",
			"accessnum": 356762,
			"songListAuthor": "哑忍",
			"pic_mid": "00333So02drvak",
			"album_pic_mid": "004aOQhn3PPOpK"
		}]
	}
}